FID,BUS_STOP
0,HS_1
1,FBW_1
2,HN_2
3,ETE_1
4,EVL_1
5,ESZ_1
6,ESY_1
7,EVO_1
8,EMP_1
9,EIY_1
10,EJD_1
11,JU_1
12,EGK_1
13,EDU_1
14,BV_2
15,HO_1
16,ECN_1
17,ECK_1
18,EDB_1
19,DUJ_1
20,JE_1
21,EBB_1
22,EAQ_1
23,HY_1
24,DXM_1
25,DUE_1
26,DYA_1
27,ECH_1
28,ECI_1
29,DTX_1
30,HL_1
31,DTP_1
32,DQV_1
33,DQT_1
34,AU_3
35,DRA_1
36,DQE_1
37,DKO_1
38,JS_2
39,JC_2
40,DMK_1
41,HH_1
42,HP_2
43,DOW_1
44,DIW_1
45,DGA_1
46,DHS_1
47,DJT_1
48,DJM_1
49,DGM_1
50,JH_2
51,CTU_1
52,DFE_1
53,IB_2
54,U_3
55,DED_1
56,DAU_1
57,DDC_1
58,DAQ_1
59,CZG_1
60,CZB_1
61,GZ_1
62,CZZ_1
63,CXW_1
64,DAB_1
65,DAA_1
66,CZN_1
67,CWT_1
68,CWR_1
69,DKP_1
70,CVL_1
71,CXO_1
72,CUK_1
73,CRR_1
74,CUN_1
75,P_4
76,CRJ_1
77,CQV_1
78,CQU_1
79,EDQ_1
80,CQC_1
81,CQN_1
82,COT_1
83,COO_1
84,COF_1
85,HI_1
86,CMY_1
87,HG_2
88,CMQ_1
89,JR_2
90,CLT_1
91,HZ_1
92,CLE_1
93,CKV_1
94,CJR_1
95,CKA_1
96,CJX_1
97,GR_2
98,Y_2
99,CIW_1
100,J_2
101,CJE_1
102,CIN_1
103,CIL_1
104,CIJ_1
105,CIE_1
106,GV_2
107,CHP_1
108,HB_2
109,CHD_1
110,CGZ_1
111,CEP_1
112,CDW_1
113,CCW_1
114,CCI_1
115,CCE_1
116,CCA_1
117,CBZ_1
118,CBM_1
119,CAW_1
120,CAK_1
121,CAG_1
122,JX_2
123,CK_3
124,JL_1
125,BZR_1
126,CBG_1
127,BZB_1
128,BYO_1
129,JJ_2
130,BYK_1
131,CFM_1
132,BXW_1
133,BXT_1
134,BYU_1
135,BZI_1
136,BWT_1
137,CP_3
138,BVZ_1
139,BVV_1
140,BVL_1
141,BVF_1
142,BUY_1
143,BUU_1
144,BUO_1
145,BD_3
146,BUC_1
147,JD_2
148,BUL_1
149,BTI_1
150,BTB_1
151,BTA_1
152,BSF_1
153,BSA_1
154,BRZ_1
155,BRY_1
156,BRV_1
157,BRP_1
158,BRD_1
159,BQA_1
160,BPT_1
161,BPS_1
162,GW_2
163,BOS_1
164,BOP_1
165,BOM_1
166,BOG_1
167,HC_2
168,BOB_1
169,CU_2
170,BNV_1
171,BNN_1
172,A_7
173,BNJ_1
174,BNH_1
175,CU_3
176,BMX_1
177,BMS_1
178,BMH_1
179,GY_2
180,AC_4
181,BLR_1
182,Y_3
183,BLQ_1
184,BLW_1
185,L_3
186,BKU_1
187,W_1
188,BND_1
189,BKL_1
190,HV_2
191,DB_2
192,BJB_1
193,BJA_1
194,BIR_1
195,BIP_1
196,BKS_1
197,BKQ_1
198,BIC_1
199,BIB_1
200,BII_1
201,BHR_1
202,BHM_1
203,JN_1
204,DF_3
205,BHI_1
206,DH_2
207,BGY_1
208,BGW_1
209,BGS_1
210,BGQ_1
211,BGO_1
212,BGK_1
213,BGG_1
214,BGF_1
215,DJ_3
216,BLY_1
217,BDY_1
218,HT_1
219,BDS_1
220,BDO_1
221,BFW_1
222,HU_2
223,BCZ_1
224,HR_2
225,BCK_1
226,CI_2
227,BBJ_1
228,BBY_1
229,BBS_1
230,BBO_1
231,BBI_1
232,BBB_1
233,HK_2
234,BAQ_1
235,JI_2
236,JK_2
237,BAA_1
238,AZL_1
239,AZD_1
240,JT_2
241,AYY_1
242,BAU_1
243,AYP_1
244,AXQ_1
245,AXK_1
246,AWO_1
247,AUE_1
248,ATX_1
249,AWA_1
250,HF_1
251,ASN_1
252,ARW_1
253,APW_1
254,ASE_1
255,ARY_1
256,ARV_1
257,ATO_1
258,ATN_1
259,GU_1
260,AQX_1
261,H_3
262,AH_2
263,HW_2
264,AQP_1
265,BF_3
266,AQY_1
267,AQF_1
268,BEB_1
269,APD_1
270,APM_1
271,APJ_1
272,AOZ_1
273,AOX_1
274,IA_1
275,AOA_1
276,ANX_1
277,ALA_1
278,AMW_1
279,CD_2
280,HJ_2
281,AMP_1
282,AMM_1
283,ALR_1
284,AMB_1
285,HM_2
286,ASK_1
287,ASG_1
288,AKV_1
289,AKU_1
290,ALD_1
291,AKK_1
292,AKH_1
293,AKF_1
294,AKB_1
295,AMC_1
296,AJL_1
297,AHX_1
298,AIH_1
299,AIB_1
300,AHV_1
301,JF_2
302,JG_2
303,AJI_1
304,AGU_1
305,JO_1
306,JP_1
307,CH_2
308,AGL_1
309,AGH_1
310,GT_2
311,HX_1
312,IC_1
313,AO_2
314,ID_2
315,AFN_1
316,AFJ_1
317,AEW_1
318,AEU_1
319,AES_1
320,AER_1
321,BQ_1
322,AA_2
323,GS_1
324,O_3
325,AED_1
326,ABH_1
327,BI_2
328,ADQ_1
329,ADM_1
330,ADG_1
331,ACV_1
332,ACE_1
333,AR_1
334,ABX_1
335,ABT_1
336,ABM_1
337,ABK_1
338,AIR_1
339,AAP_1
340,HE_1
341,AAY_1
342,AAX_1
343,HD_1
344,AAS_1
345,AAR_1
346,ABZ_1
347,ZY_1
348,ZR_1
349,ZN_1
350,AO_3
351,ZM_1
352,ZE_1
353,GX_1
354,BJ_1
355,YS_1
356,YL_1
357,YJ_1
358,YC_1
359,XH_1
360,BI_3
361,XG_1
362,AF_2
363,AG_4
364,XE_1
365,XD_1
366,WY_1
367,WR_1
368,WQ_1
369,IF_1
370,IE_2
371,AXH_1
372,BW_1
373,VV_1
374,JQ_2
375,VC_1
376,UH_1
377,UG_1
378,TO_1
379,TN_1
380,TM_1
381,IQ_1
382,SZ_1
383,SY_1
384,UR_1
385,SL_1
386,SV_1
387,SD_1
388,HQ_2
389,SP_1
390,RX_1
391,RV_1
392,BS_1
393,RJ_1
394,QW_1
395,RP_1
396,IG_2
397,SQ_1
398,SR_1
399,SS_1
400,ST_1
401,LQ_2
402,SU_1
403,RO_1
404,QA_2
405,QX_1
406,BN_1
407,QV_1
408,QU_1
409,QT_1
410,QS_1
411,QR_1
412,QQ_1
413,RK_1
414,QO_1
415,QN_1
416,JC_1
417,QM_1
418,QZ_1
419,QY_1
420,RA_1
421,BQ_2
422,RB_1
423,RC_1
424,RD_1
425,RE_1
426,RF_1
427,RG_1
428,RH_1
429,AU_1
430,H_5
431,RI_1
432,Z_2
433,QP_1
434,YU_1
435,YV_1
436,YW_1
437,YX_1
438,UA_1
439,TL_1
440,RR_1
441,RS_1
442,RT_1
443,RU_1
444,BU_1
445,RW_1
446,ND_2
447,RY_1
448,AT_3
449,SA_1
450,SB_1
451,F_2
452,SC_1
453,MW_1
454,SE_1
455,MV_1
456,SG_1
457,SH_1
458,SI_1
459,SJ_1
460,SK_1
461,MU_1
462,SM_1
463,SN_1
464,IG_1
465,SO_1
466,UM_1
467,VD_1
468,VE_1
469,VF_1
470,VG_1
471,AX_3
472,SW_1
473,SX_1
474,Q_2
475,AV_3
476,TA_1
477,TB_1
478,TC_1
479,TD_1
480,MQ_2
481,TE_1
482,TF_1
483,TW_1
484,TH_1
485,TI_1
486,TJ_1
487,TK_1
488,UB_1
489,MO_1
490,MN_1
491,BY_3
492,TP_1
493,TQ_1
494,TR_1
495,TS_1
496,TT_1
497,TU_1
498,TV_1
499,TG_1
500,RL_1
501,RM_1
502,RN_1
503,SF_1
504,RQ_1
505,UC_1
506,UD_1
507,UE_1
508,UF_1
509,MK_2
510,MJ_1
511,AX_2
512,UI_1
513,CP_1
514,UJ_1
515,UK_1
516,UL_1
517,KQ_2
518,UN_1
519,UO_1
520,UP_1
521,UQ_1
522,VH_1
523,D_5
524,US_1
525,UT_1
526,UU_1
527,UV_1
528,UW_1
529,UX_1
530,UY_1
531,UZ_1
532,VA_1
533,VB_1
534,RZ_1
535,XN_1
536,HX_2
537,XO_1
538,IB_1
539,XP_1
540,XQ_1
541,XR_1
542,XC_1
543,VI_1
544,VJ_1
545,VK_1
546,VL_1
547,VM_1
548,VN_1
549,CH_1
550,VO_1
551,VP_1
552,VQ_1
553,WH_1
554,VS_1
555,VT_1
556,VU_1
557,LW_1
558,WM_1
559,VX_1
560,VY_1
561,VZ_1
562,WA_1
563,WB_1
564,WC_1
565,WD_1
566,WE_1
567,WF_1
568,WG_1
569,VR_1
570,AXE_1
571,AXF_1
572,AXG_1
573,MF_1
574,MH_2
575,AXI_1
576,WO_1
577,BX_1
578,AAT_1
579,WP_1
580,K_2
581,ME_1
582,WS_1
583,WT_1
584,WU_1
585,WV_1
586,XM_1
587,WX_1
588,MB_2
589,WZ_1
590,XA_1
591,XB_1
592,XS_1
593,MA_2
594,LY_2
595,XF_1
596,AY_2
597,LT_1
598,XI_1
599,XJ_1
600,XK_1
601,XL_1
602,AT_2
603,ZJ_1
604,AAA_1
605,AAB_1
606,AAC_1
607,AAD_1
608,ZO_1
609,XT_1
610,XU_1
611,XV_1
612,XW_1
613,XX_1
614,XY_1
615,XZ_1
616,YA_1
617,YB_1
618,LS_1
619,YT_1
620,YE_1
621,YF_1
622,YG_1
623,YH_1
624,YY_1
625,LV_2
626,YK_1
627,MG_1
628,YM_1
629,YN_1
630,YO_1
631,YP_1
632,YQ_1
633,YR_1
634,NE_1
635,YD_1
636,WI_1
637,WJ_1
638,WK_1
639,WL_1
640,YI_1
641,YZ_1
642,ZA_1
643,ZB_1
644,BR_3
645,HB_1
646,ZC_1
647,ZD_1
648,KW_1
649,ZF_1
650,ZG_1
651,ZH_1
652,ZI_1
653,ZZ_1
654,ZK_1
655,ZL_1
656,AZ_3
657,KU_2
658,AAE_1
659,ZP_1
660,ZQ_1
661,PP_2
662,ZS_1
663,ZT_1
664,ZU_1
665,ZV_1
666,ZW_1
667,ZX_1
668,AP_1
669,AGQ_1
670,ACL_1
671,ACM_1
672,ACN_1
673,ACO_1
674,AW_1
675,AAF_1
676,AAG_1
677,AAH_1
678,AAI_1
679,AAJ_1
680,AAK_1
681,AAL_1
682,AAM_1
683,AAN_1
684,AAO_1
685,ABF_1
686,JH_1
687,AAQ_1
688,PN_2
689,PL_2
690,QK_2
691,ABJ_1
692,AAU_1
693,AAV_1
694,AAW_1
695,PI_1
696,PH_1
697,AAZ_1
698,ABA_1
699,ABB_1
700,ABC_1
701,ABD_1
702,PQ_2
703,ABE_1
704,PE_1
705,AIO_1
706,AIP_1
707,AIQ_1
708,PB_2
709,AFQ_1
710,OZ_1
711,ABL_1
712,PJ_2
713,ABN_1
714,ABO_1
715,ABP_1
716,ABQ_1
717,AA_1
718,ABR_1
719,ABS_1
720,MJ_2
721,AQ_3
722,ACK_1
723,ABV_1
724,ABW_1
725,BG_3
726,ABY_1
727,ACP_1
728,ACA_1
729,ACB_1
730,ACC_1
731,ACD_1
732,KL_1
733,ACF_1
734,ACG_1
735,ACH_1
736,ACI_1
737,OZ_2
738,JF_1
739,ACJ_1
740,AEH_1
741,AEY_1
742,AEZ_1
743,AFA_1
744,AEL_1
745,ACQ_1
746,ACR_1
747,ACS_1
748,ACT_1
749,ACU_1
750,KG_2
751,ACW_1
752,ACX_1
753,ACY_1
754,ACZ_1
755,ADA_1
756,ADR_1
757,AU_2
758,ADC_1
759,ADD_1
760,HO_2
761,ADE_1
762,ADV_1
763,BK_1
764,ADH_1
765,ADI_1
766,ADJ_1
767,ADK_1
768,ADL_1
769,KA_1
770,ADN_1
771,ADO_1
772,ADP_1
773,LA_1
774,ADB_1
775,ABG_1
776,I_5
777,ABI_1
778,ADF_1
779,ADW_1
780,ADX_1
781,ADY_1
782,ADZ_1
783,AEA_1
784,AEB_1
785,AEC_1
786,LK_2
787,L_1
788,AEE_1
789,AEF_1
790,AEG_1
791,AEX_1
792,BZ_2
793,AEI_1
794,AEJ_1
795,AEK_1
796,AFB_1
797,AEM_1
798,AEN_1
799,AEO_1
800,AEP_1
801,AEQ_1
802,LG_2
803,BT_1
804,AET_1
805,LE_2
806,AEV_1
807,LD_1
808,ABU_1
809,AHH_1
810,AHI_1
811,AHJ_1
812,AHK_1
813,AHL_1
814,AGW_1
815,AFC_1
816,AFD_1
817,AFE_1
818,AFF_1
819,AFG_1
820,AFH_1
821,AFI_1
822,LB_1
823,AFK_1
824,AGB_1
825,AFM_1
826,LN_1
827,CQ_1
828,AFO_1
829,AFP_1
830,AGG_1
831,AFR_1
832,AFS_1
833,AFT_1
834,AFU_1
835,AFV_1
836,AFW_1
837,AFX_1
838,LF_1
839,AFY_1
840,AFZ_1
841,AGA_1
842,AFL_1
843,CL_3
844,TX_1
845,TY_1
846,LH_2
847,TZ_1
848,VW_1
849,WN_1
850,LI_2
851,AGI_1
852,AGJ_1
853,AGK_1
854,E_1
855,AGM_1
856,AGN_1
857,AGO_1
858,LJ_2
859,AGP_1
860,AHG_1
861,AGR_1
862,AGS_1
863,LL_2
864,AGT_1
865,LM_2
866,AGV_1
867,AHM_1
868,AGX_1
869,AGY_1
870,AGZ_1
871,AHA_1
872,AHB_1
873,AHC_1
874,AHD_1
875,AHE_1
876,AHF_1
877,AJD_1
878,AJU_1
879,AJV_1
880,AJW_1
881,AJX_1
882,LC_2
883,JY_2
884,AHN_1
885,KB_1
886,AHO_1
887,K_1
888,AHP_1
889,AHQ_1
890,AHR_1
891,AHS_1
892,AHT_1
893,AHU_1
894,KC_1
895,AHW_1
896,AIN_1
897,AHY_1
898,AHZ_1
899,AIA_1
900,V_2
901,AIS_1
902,CL_1
903,DF_2
904,AID_1
905,AIE_1
906,AIF_1
907,AIG_1
908,KD_1
909,AII_1
910,AIJ_1
911,AIK_1
912,AIL_1
913,AIM_1
914,KF_1
915,AGC_1
916,AGD_1
917,AGE_1
918,AGF_1
919,AIC_1
920,AIT_1
921,AIU_1
922,AIV_1
923,AIW_1
924,AIX_1
925,AIY_1
926,AIZ_1
927,AJA_1
928,AJB_1
929,AJC_1
930,AJT_1
931,AJE_1
932,AJF_1
933,AJG_1
934,AJH_1
935,AJY_1
936,AJJ_1
937,AJK_1
938,M_2
939,AJM_1
940,AJN_1
941,AJO_1
942,AJP_1
943,AJQ_1
944,AJR_1
945,AJS_1
946,WW_1
947,KS_1
948,AMD_1
949,AME_1
950,AMF_1
951,AMG_1
952,AMH_1
953,AMI_1
954,ALT_1
955,AJZ_1
956,AKA_1
957,KI_1
958,AKC_1
959,AKD_1
960,AKE_1
961,KJ_1
962,DH_3
963,AKW_1
964,KK_2
965,AKI_1
966,AKJ_1
967,KM_2
968,AKL_1
969,AKM_1
970,KN_2
971,AKO_1
972,KS_2
973,AKP_1
974,AKQ_1
975,AKR_1
976,AKS_1
977,AKT_1
978,AK_1
979,CE_3
980,AKG_1
981,CN_3
982,ASH_1
983,ASI_1
984,ASJ_1
985,QL_2
986,ASL_1
987,APK_1
988,PF_1
989,ALE_1
990,ALF_1
991,ALG_1
992,ALH_1
993,ALI_1
994,ALJ_1
995,ALK_1
996,OW_1
997,ALM_1
998,ALN_1
999,ALO_1
1000,ALP_1
1001,ALQ_1
1002,N_3
1003,ALS_1
1004,AMJ_1
1005,PI_2
1006,ALU_1
1007,ALV_1
1008,ALW_1
1009,ALX_1
1010,ALY_1
1011,ALZ_1
1012,AMA_1
1013,ANY_1
1014,AOP_1
1015,AOQ_1
1016,AOR_1
1017,AOS_1
1018,AOT_1
1019,AOU_1
1020,AOF_1
1021,AMK_1
1022,AML_1
1023,OX_2
1024,AMN_1
1025,AMO_1
1026,OY_2
1027,AMQ_1
1028,AMR_1
1029,ANI_1
1030,AMT_1
1031,AMU_1
1032,CG_1
1033,AMV_1
1034,PC_2
1035,AMX_1
1036,AMY_1
1037,LV_1
1038,ANP_1
1039,ANA_1
1040,AC_2
1041,ANB_1
1042,ANC_1
1043,AND_1
1044,ANE_1
1045,ANF_1
1046,ANG_1
1047,ANH_1
1048,AMS_1
1049,AKX_1
1050,AKY_1
1051,AKZ_1
1052,PD_2
1053,ALB_1
1054,ALC_1
1055,AMZ_1
1056,ANQ_1
1057,ANR_1
1058,ANS_1
1059,BD_2
1060,ANT_1
1061,ANU_1
1062,ANV_1
1063,ANW_1
1064,PG_2
1065,BF_1
1066,AOO_1
1067,ANZ_1
1068,AN_1
1069,AOB_1
1070,AOC_1
1071,AOD_1
1072,AOE_1
1073,AOV_1
1074,AOG_1
1075,AOH_1
1076,AOI_1
1077,AOJ_1
1078,AOK_1
1079,AOL_1
1080,AOM_1
1081,AON_1
1082,ALL_1
1083,CR_2
1084,AQZ_1
1085,AG_1
1086,ARA_1
1087,ARB_1
1088,ARC_1
1089,ARD_1
1090,ARE_1
1091,ARF_1
1092,AQQ_1
1093,AOW_1
1094,BB_1
1095,AOY_1
1096,PK_2
1097,APA_1
1098,APB_1
1099,APC_1
1100,APT_1
1101,APE_1
1102,APF_1
1103,APG_1
1104,APH_1
1105,API_1
1106,C_2
1107,AQA_1
1108,APL_1
1109,PM_1
1110,APN_1
1111,APO_1
1112,APP_1
1113,APQ_1
1114,APR_1
1115,APS_1
1116,PO_1
1117,EQS_1
1118,EQT_1
1119,EQU_1
1120,EQV_1
1121,EQW_1
1122,EQX_1
1123,AQB_1
1124,LW_2
1125,AM_3
1126,AQC_1
1127,PB_1
1128,AQD_1
1129,AQE_1
1130,KH_1
1131,AQG_1
1132,AQH_1
1133,KT_2
1134,AQJ_1
1135,AQK_1
1136,AQL_1
1137,AQM_1
1138,AQN_1
1139,AQO_1
1140,JZ_1
1141,ARG_1
1142,KV_1
1143,AQR_1
1144,AQS_1
1145,AQT_1
1146,AQU_1
1147,AQV_1
1148,AQW_1
1149,KX_2
1150,KY_2
1151,ASV_1
1152,ATM_1
1153,KZ_2
1154,LR_1
1155,ATP_1
1156,ATQ_1
1157,CK_1
1158,ATR_1
1159,ATC_1
1160,ARH_1
1161,A_2
1162,ARI_1
1163,ARJ_1
1164,ARK_1
1165,ARL_1
1166,AV_1
1167,ARM_1
1168,ARN_1
1169,ARO_1
1170,ASF_1
1171,ARQ_1
1172,ARR_1
1173,ARS_1
1174,ART_1
1175,ARU_1
1176,MC_2
1177,ASM_1
1178,ARX_1
1179,B_1
1180,ARZ_1
1181,ASA_1
1182,ASB_1
1183,ASC_1
1184,ASD_1
1185,BH_3
1186,ARP_1
1187,APU_1
1188,APV_1
1189,BB_2
1190,AE_2
1191,APX_1
1192,APY_1
1193,APZ_1
1194,CT_1
1195,LU_2
1196,ASO_1
1197,ASP_1
1198,ASQ_1
1199,ASR_1
1200,ASS_1
1201,AST_1
1202,ASU_1
1203,BW_3
1204,ATL_1
1205,ASW_1
1206,ASX_1
1207,ASY_1
1208,ASZ_1
1209,ATA_1
1210,ATB_1
1211,ATS_1
1212,ATD_1
1213,ATE_1
1214,LL_1
1215,ATF_1
1216,ATG_1
1217,ATH_1
1218,ATI_1
1219,ATJ_1
1220,ATK_1
1221,BAC_1
1222,AVX_1
1223,AVY_1
1224,AVZ_1
1225,MI_1
1226,LZ_2
1227,AWB_1
1228,AWC_1
1229,AVN_1
1230,ATT_1
1231,ATU_1
1232,ATV_1
1233,ATW_1
1234,MD_2
1235,ATY_1
1236,ATZ_1
1237,AUA_1
1238,AUR_1
1239,LU_1
1240,AUC_1
1241,BG_2
1242,AUD_1
1243,HN_1
1244,CZ_3
1245,AUF_1
1246,LZ_1
1247,AUG_1
1248,AUX_1
1249,AUI_1
1250,AUJ_1
1251,GS_2
1252,AUK_1
1253,AUL_1
1254,AUM_1
1255,AUN_1
1256,AUO_1
1257,AUP_1
1258,AUQ_1
1259,AUB_1
1260,BCA_1
1261,BCB_1
1262,BCC_1
1263,BCD_1
1264,BCE_1
1265,BCF_1
1266,AZE_1
1267,AUY_1
1268,AUZ_1
1269,AVA_1
1270,DH_1
1271,AVB_1
1272,AVC_1
1273,AVD_1
1274,AVE_1
1275,AVF_1
1276,AVW_1
1277,AVH_1
1278,AVI_1
1279,AVJ_1
1280,AVK_1
1281,IE_1
1282,AVL_1
1283,AVM_1
1284,AWD_1
1285,AVO_1
1286,JQ_1
1287,AVP_1
1288,AVQ_1
1289,AVR_1
1290,AVS_1
1291,AVT_1
1292,AVU_1
1293,AVV_1
1294,AXT_1
1295,AYK_1
1296,AYL_1
1297,AYM_1
1298,AYN_1
1299,AYO_1
1300,AXZ_1
1301,AWE_1
1302,AWF_1
1303,AWG_1
1304,AWH_1
1305,AWI_1
1306,AWJ_1
1307,AWK_1
1308,W_4
1309,AWL_1
1310,HW_1
1311,AWM_1
1312,AXD_1
1313,KP_1
1314,AWP_1
1315,MK_1
1316,AWQ_1
1317,AWR_1
1318,AWS_1
1319,AXJ_1
1320,AWU_1
1321,AWV_1
1322,AWW_1
1323,AWX_1
1324,AWY_1
1325,AWZ_1
1326,AXA_1
1327,AXB_1
1328,AXC_1
1329,AWN_1
1330,AUS_1
1331,AUT_1
1332,AUU_1
1333,AUV_1
1334,MI_2
1335,AUW_1
1336,AWT_1
1337,KR_2
1338,AXL_1
1339,AXM_1
1340,AXN_1
1341,AXO_1
1342,AXP_1
1343,C_4
1344,LX_2
1345,AXR_1
1346,AXS_1
1347,AYJ_1
1348,AXU_1
1349,AXV_1
1350,AXW_1
1351,AXX_1
1352,AXY_1
1353,BA_3
1354,AYA_1
1355,AYB_1
1356,AYC_1
1357,AYD_1
1358,AC_3
1359,AYE_1
1360,AYF_1
1361,AYG_1
1362,AYH_1
1363,KJ_2
1364,AYI_1
1365,AVG_1
1366,BAT_1
1367,HE_2
1368,ML_1
1369,BAV_1
1370,BAW_1
1371,BAX_1
1372,KY_1
1373,BAY_1
1374,BAZ_1
1375,BAK_1
1376,AYQ_1
1377,AYR_1
1378,AYS_1
1379,AYT_1
1380,AYU_1
1381,U_2
1382,AYV_1
1383,AYW_1
1384,AZN_1
1385,MM_1
1386,AYZ_1
1387,AZA_1
1388,DD_1
1389,AZB_1
1390,AZC_1
1391,PF_2
1392,MP_1
1393,AZU_1
1394,AZF_1
1395,AZG_1
1396,CP_2
1397,AZH_1
1398,AZI_1
1399,AZJ_1
1400,AZK_1
1401,S_3
1402,AZM_1
1403,AYX_1
1404,ANJ_1
1405,ANK_1
1406,ANL_1
1407,V_4
1408,BH_1
1409,ANM_1
1410,ANN_1
1411,ANO_1
1412,AUH_1
1413,AZV_1
1414,AZW_1
1415,AZX_1
1416,AZY_1
1417,M_5
1418,AZZ_1
1419,MR_2
1420,MS_2
1421,BAB_1
1422,K_3
1423,BAS_1
1424,BAD_1
1425,BJ_2
1426,BAE_1
1427,BAF_1
1428,BAG_1
1429,BAH_1
1430,KO_2
1431,BAI_1
1432,BAJ_1
1433,BBA_1
1434,BAL_1
1435,BAM_1
1436,BAN_1
1437,BAO_1
1438,BAP_1
1439,MX_2
1440,BAR_1
1441,BCP_1
1442,BF_2
1443,BDG_1
1444,BDH_1
1445,BDI_1
1446,BDJ_1
1447,BDK_1
1448,MY_2
1449,BDL_1
1450,ND_1
1451,BCW_1
1452,MZ_1
1453,BBC_1
1454,BBD_1
1455,BBE_1
1456,BBF_1
1457,BBG_1
1458,BBH_1
1459,NA_2
1460,BBZ_1
1461,BBK_1
1462,BBL_1
1463,BBM_1
1464,BBN_1
1465,NB_2
1466,BBP_1
1467,BCG_1
1468,BBR_1
1469,NC_1
1470,BBT_1
1471,BBU_1
1472,BBV_1
1473,BU_3
1474,BBW_1
1475,BBX_1
1476,MT_2
1477,LO_2
1478,AZO_1
1479,AZP_1
1480,AZQ_1
1481,MM_2
1482,AZR_1
1483,AZS_1
1484,AZT_1
1485,BBQ_1
1486,BCH_1
1487,BCI_1
1488,BN_2
1489,PC_1
1490,BCJ_1
1491,LP_1
1492,BCL_1
1493,BCM_1
1494,BCN_1
1495,BCO_1
1496,BDF_1
1497,BCQ_1
1498,BCR_1
1499,BCS_1
1500,BCT_1
1501,BCU_1
1502,BCV_1
1503,BDM_1
1504,MA_1
1505,BCX_1
1506,BCY_1
1507,CB_1
1508,KE_1
1509,BDA_1
1510,EB_1
1511,BDB_1
1512,BDC_1
1513,BDD_1
1514,BDE_1
1515,CDM_1
1516,BFV_1
1517,EA_1
1518,BFH_1
1519,BDN_1
1520,CA_1
1521,BDP_1
1522,BDQ_1
1523,BDR_1
1524,DZ_1
1525,DY_2
1526,BDT_1
1527,BDU_1
1528,BDV_1
1529,BDW_1
1530,BDX_1
1531,DX_2
1532,BEP_1
1533,BEA_1
1534,BER_1
1535,BEC_1
1536,BED_1
1537,BEE_1
1538,IQ_2
1539,BEF_1
1540,BEG_1
1541,BEH_1
1542,BEI_1
1543,BEJ_1
1544,BEK_1
1545,BEL_1
1546,BEM_1
1547,BEN_1
1548,BEO_1
1549,BDZ_1
1550,BLX_1
1551,DK_3
1552,BIX_1
1553,BES_1
1554,BET_1
1555,BEU_1
1556,BEV_1
1557,BEW_1
1558,BEX_1
1559,BEY_1
1560,BEZ_1
1561,BFA_1
1562,BFB_1
1563,BFC_1
1564,BFD_1
1565,BFU_1
1566,BFF_1
1567,BFG_1
1568,BFX_1
1569,BFI_1
1570,BFJ_1
1571,BFK_1
1572,BFL_1
1573,BFM_1
1574,BFN_1
1575,BFO_1
1576,BFP_1
1577,N_1
1578,BFQ_1
1579,BFR_1
1580,BFS_1
1581,BFT_1
1582,BHQ_1
1583,V_1
1584,BIH_1
1585,BHS_1
1586,BFY_1
1587,BFZ_1
1588,BGA_1
1589,BGB_1
1590,BGC_1
1591,BGD_1
1592,BGE_1
1593,DW_2
1594,DV_2
1595,B_5
1596,BGH_1
1597,BGI_1
1598,BGJ_1
1599,DU_2
1600,Z_1
1601,BHB_1
1602,BHC_1
1603,BGN_1
1604,DI_2
1605,BGP_1
1606,DS_1
1607,M_3
1608,BGR_1
1609,DT_2
1610,BGT_1
1611,BT_3
1612,BGU_1
1613,BGV_1
1614,EW_2
1615,BGX_1
1616,G_1
1617,BGZ_1
1618,BHA_1
1619,BGL_1
1620,BEQ_1
1621,PG_1
1622,LG_1
1623,BGM_1
1624,BHD_1
1625,BHE_1
1626,AF_3
1627,BHF_1
1628,BH_2
1629,BHG_1
1630,BHH_1
1631,DG_3
1632,BHJ_1
1633,BHK_1
1634,DM_1
1635,BHL_1
1636,DN_1
1637,BHN_1
1638,BHO_1
1639,BHP_1
1640,BIG_1
1641,R_1
1642,DO_2
1643,BHT_1
1644,BHU_1
1645,BHV_1
1646,BHW_1
1647,BHX_1
1648,BHY_1
1649,BHZ_1
1650,BIA_1
1651,C_3
1652,DP_2
1653,T_1
1654,DP_1
1655,BID_1
1656,BIE_1
1657,BIF_1
1658,BFE_1
1659,DQ_1
1660,BKR_1
1661,DE_3
1662,BKD_1
1663,BIJ_1
1664,BIK_1
1665,BIL_1
1666,BIM_1
1667,Z_3
1668,BIN_1
1669,BIO_1
1670,DR_2
1671,JN_2
1672,BIQ_1
1673,DB_1
1674,EE_1
1675,I_1
1676,JT_1
1677,BIS_1
1678,MU_2
1679,BIT_1
1680,BJK_1
1681,BIV_1
1682,BIW_1
1683,BJN_1
1684,BIY_1
1685,BIZ_1
1686,DC_3
1687,ED_1
1688,BX_3
1689,BJC_1
1690,BJD_1
1691,BJE_1
1692,BJF_1
1693,BJG_1
1694,BJH_1
1695,BJI_1
1696,BJJ_1
1697,BIU_1
1698,CKI_1
1699,CKJ_1
1700,BXO_1
1701,BJO_1
1702,BJP_1
1703,BJQ_1
1704,BJR_1
1705,BJS_1
1706,CB_2
1707,BJT_1
1708,BJU_1
1709,BJV_1
1710,BJW_1
1711,BJX_1
1712,BJY_1
1713,BKP_1
1714,MZ_2
1715,BKA_1
1716,BKB_1
1717,EY_2
1718,BR_1
1719,BKC_1
1720,BKT_1
1721,BKE_1
1722,BKF_1
1723,BKG_1
1724,BKH_1
1725,BKI_1
1726,BKJ_1
1727,BKK_1
1728,EX_2
1729,L_5
1730,BKM_1
1731,BKN_1
1732,BKO_1
1733,BMM_1
1734,DL_2
1735,BNE_1
1736,BMP_1
1737,GN_2
1738,BKV_1
1739,F_3
1740,BKW_1
1741,BKX_1
1742,BKY_1
1743,BKZ_1
1744,BLA_1
1745,BLB_1
1746,BLC_1
1747,BLD_1
1748,E_2
1749,BLE_1
1750,CQ_3
1751,BLF_1
1752,GM_2
1753,BLH_1
1754,BLI_1
1755,BLZ_1
1756,BLK_1
1757,O_2
1758,BLL_1
1759,BLM_1
1760,BLN_1
1761,BLO_1
1762,BLP_1
1763,GL_2
1764,X_2
1765,BLS_1
1766,KN_1
1767,BLT_1
1768,BLU_1
1769,BLV_1
1770,BLG_1
1771,BJL_1
1772,CY_2
1773,BJM_1
1774,BLJ_1
1775,BMA_1
1776,BMB_1
1777,BMC_1
1778,BMD_1
1779,BME_1
1780,BMF_1
1781,BMG_1
1782,CX_1
1783,BMI_1
1784,BMJ_1
1785,BMK_1
1786,BML_1
1787,BNC_1
1788,GU_2
1789,DK_2
1790,BMN_1
1791,BMO_1
1792,BNF_1
1793,BMQ_1
1794,LF_2
1795,BMR_1
1796,CW_2
1797,BMT_1
1798,BMU_1
1799,BMV_1
1800,BMW_1
1801,CV_3
1802,BMY_1
1803,BMZ_1
1804,BNA_1
1805,BNB_1
1806,BTV_1
1807,BPA_1
1808,BNG_1
1809,GK_1
1810,BNI_1
1811,AJ_2
1812,BNK_1
1813,BNL_1
1814,BNM_1
1815,H_1
1816,GJ_1
1817,BNO_1
1818,BNP_1
1819,BNQ_1
1820,BNR_1
1821,BNS_1
1822,BNT_1
1823,BQG_1
1824,GI_1
1825,BNW_1
1826,BNX_1
1827,BNY_1
1828,HL_2
1829,KV_2
1830,GN_1
1831,BNZ_1
1832,DX_1
1833,BOA_1
1834,GH_1
1835,BOC_1
1836,BOD_1
1837,BOE_1
1838,AO_1
1839,MC_1
1840,BOF_1
1841,GG_1
1842,GQ_2
1843,BOH_1
1844,BOI_1
1845,BOJ_1
1846,BOK_1
1847,BSR_1
1848,BOL_1
1849,EO_1
1850,BON_1
1851,N_5
1852,BOO_1
1853,GD_2
1854,BOQ_1
1855,BOR_1
1856,BP_2
1857,BOT_1
1858,BOU_1
1859,BOV_1
1860,BOW_1
1861,BOX_1
1862,BOY_1
1863,BPP_1
1864,BPQ_1
1865,BPB_1
1866,BPC_1
1867,BPD_1
1868,BPE_1
1869,BPF_1
1870,BPG_1
1871,BPH_1
1872,BPI_1
1873,BPJ_1
1874,BW_2
1875,BPK_1
1876,BPL_1
1877,BPM_1
1878,DA_1
1879,BPN_1
1880,KD_2
1881,BPO_1
1882,BSC_1
1883,BPR_1
1884,GC_2
1885,GB_2
1886,BPU_1
1887,BPV_1
1888,BPW_1
1889,BPX_1
1890,T_3
1891,BPY_1
1892,BPZ_1
1893,GA_1
1894,BQB_1
1895,BQC_1
1896,BQD_1
1897,BQE_1
1898,BQF_1
1899,BQV_1
1900,BQH_1
1901,BQI_1
1902,BQJ_1
1903,BQK_1
1904,BQL_1
1905,BQM_1
1906,JE_2
1907,BQN_1
1908,BQO_1
1909,BQP_1
1910,BQQ_1
1911,BQR_1
1912,BQS_1
1913,BQT_1
1914,BQU_1
1915,CRC_1
1916,BQW_1
1917,BQX_1
1918,BQY_1
1919,BQZ_1
1920,BRA_1
1921,BRB_1
1922,BRC_1
1923,FZ_2
1924,BRE_1
1925,BRF_1
1926,BRG_1
1927,DR_1
1928,BRH_1
1929,BRI_1
1930,LJ_1
1931,BRJ_1
1932,BRK_1
1933,BRL_1
1934,BRM_1
1935,BRN_1
1936,BRO_1
1937,FY_2
1938,BRQ_1
1939,BRR_1
1940,BRS_1
1941,BRT_1
1942,BRU_1
1943,FX_2
1944,BRW_1
1945,BRX_1
1946,AI_4
1947,FW_1
1948,FV_1
1949,BSB_1
1950,BOZ_1
1951,BUM_1
1952,BTX_1
1953,QA_1
1954,BSD_1
1955,BSE_1
1956,LD_2
1957,AL_4
1958,BSG_1
1959,BSH_1
1960,BSI_1
1961,BSJ_1
1962,BSK_1
1963,BSL_1
1964,BSM_1
1965,BSN_1
1966,BSO_1
1967,BSP_1
1968,BTG_1
1969,BTH_1
1970,BSS_1
1971,BST_1
1972,BSU_1
1973,BSV_1
1974,BSW_1
1975,BSX_1
1976,BSY_1
1977,BSZ_1
1978,EC_1
1979,EN_1
1980,BTC_1
1981,BTD_1
1982,MH_1
1983,BTE_1
1984,BTF_1
1985,BSQ_1
1986,BNU_1
1987,P_1
1988,IZ_2
1989,Q_3
1990,BTJ_1
1991,BTK_1
1992,BTL_1
1993,BTM_1
1994,BTN_1
1995,BTO_1
1996,BB_3
1997,BTP_1
1998,BTQ_1
1999,DJ_2
2000,BTR_1
2001,BTS_1
2002,BTT_1
2003,BTU_1
2004,C_6
2005,BE_1
2006,IY_1
2007,BTW_1
2008,BUN_1
2009,BTY_1
2010,BTZ_1
2011,BUA_1
2012,BUB_1
2013,IX_2
2014,BUD_1
2015,BUE_1
2016,BUF_1
2017,BUG_1
2018,BUH_1
2019,BUI_1
2020,BUJ_1
2021,BUK_1
2022,BWI_1
2023,BWJ_1
2024,BC_2
2025,BUP_1
2026,BUQ_1
2027,BUR_1
2028,BUS_1
2029,BUT_1
2030,HY_2
2031,IW_1
2032,BUV_1
2033,BUW_1
2034,BUX_1
2035,IV_2
2036,BUZ_1
2037,BVA_1
2038,BVB_1
2039,BVS_1
2040,BVT_1
2041,BZ_1
2042,BVE_1
2043,IU_1
2044,BVG_1
2045,BVH_1
2046,BVI_1
2047,BVJ_1
2048,BVK_1
2049,IT_2
2050,BVM_1
2051,BVN_1
2052,BVO_1
2053,BVP_1
2054,BVQ_1
2055,BVR_1
2056,BVC_1
2057,BVD_1
2058,MN_2
2059,BVU_1
2060,IS_1
2061,BVW_1
2062,BVX_1
2063,BVY_1
2064,IR_2
2065,BWA_1
2066,DT_1
2067,GT_1
2068,BWB_1
2069,BWC_1
2070,BWD_1
2071,BWE_1
2072,BWF_1
2073,BWG_1
2074,BWH_1
2075,AY_3
2076,BWY_1
2077,BWZ_1
2078,Q_1
2079,BWK_1
2080,BWL_1
2081,BWM_1
2082,BWN_1
2083,BWO_1
2084,BWP_1
2085,BWQ_1
2086,BWR_1
2087,BWS_1
2088,JB_1
2089,BWU_1
2090,BWV_1
2091,BWW_1
2092,H_2
2093,BWX_1
2094,BJZ_1
2095,BZG_1
2096,BZH_1
2097,CO_3
2098,BZJ_1
2099,CM_2
2100,BXA_1
2101,BXB_1
2102,BXC_1
2103,BA_2
2104,Z_4
2105,BXD_1
2106,DG_2
2107,BXE_1
2108,BXF_1
2109,BXG_1
2110,BXH_1
2111,BXI_1
2112,BXJ_1
2113,BYA_1
2114,BXL_1
2115,HF_2
2116,BXM_1
2117,BXN_1
2118,BYE_1
2119,BXP_1
2120,BXQ_1
2121,BXR_1
2122,D_4
2123,BXS_1
2124,JV_1
2125,BXU_1
2126,BXV_1
2127,IO_1
2128,BXX_1
2129,GQ_1
2130,BXY_1
2131,BXZ_1
2132,BXK_1
2133,CFK_1
2134,CFL_1
2135,IN_1
2136,CCL_1
2137,BYF_1
2138,BYG_1
2139,BYH_1
2140,DQ_2
2141,BYI_1
2142,BYJ_1
2143,IM_2
2144,IL_1
2145,BYL_1
2146,FW_2
2147,BYM_1
2148,FX_1
2149,BYN_1
2150,IK_2
2151,BZF_1
2152,BYQ_1
2153,BYR_1
2154,DI_3
2155,BYS_1
2156,BYT_1
2157,BZK_1
2158,BYV_1
2159,E_5
2160,BYW_1
2161,BYX_1
2162,BYY_1
2163,BYZ_1
2164,BZA_1
2165,IJ_1
2166,PE_2
2167,BZC_1
2168,BZD_1
2169,BZE_1
2170,BY_2
2171,CBC_1
2172,CBT_1
2173,IK_1
2174,CBU_1
2175,CBV_1
2176,II_1
2177,BZL_1
2178,BZM_1
2179,BZN_1
2180,BZO_1
2181,BZP_1
2182,BZQ_1
2183,IH_1
2184,BZS_1
2185,BZT_1
2186,BZU_1
2187,BZV_1
2188,CAM_1
2189,BZX_1
2190,JM_1
2191,BZY_1
2192,BZZ_1
2193,JW_2
2194,CAQ_1
2195,CAB_1
2196,CAC_1
2197,CAD_1
2198,CAE_1
2199,CAF_1
2200,IP_1
2201,CAH_1
2202,CAI_1
2203,CAJ_1
2204,EV_2
2205,CAL_1
2206,BZW_1
2207,IA_2
2208,BYB_1
2209,BYC_1
2210,U_1
2211,DN_2
2212,BYD_1
2213,CAA_1
2214,CI_1
2215,CAR_1
2216,CD_1
2217,CAS_1
2218,CAT_1
2219,CAU_1
2220,CAV_1
2221,EU_1
2222,ED_2
2223,CAX_1
2224,CAY_1
2225,CAZ_1
2226,CBA_1
2227,CBB_1
2228,CBS_1
2229,CBD_1
2230,CBE_1
2231,CBF_1
2232,CBW_1
2233,EE_2
2234,CBH_1
2235,CBI_1
2236,CBJ_1
2237,CBK_1
2238,CBL_1
2239,ET_1
2240,CBN_1
2241,CBO_1
2242,JJ_1
2243,CBP_1
2244,CBQ_1
2245,CBR_1
2246,BYP_1
2247,CED_1
2248,CEE_1
2249,CEF_1
2250,CEG_1
2251,CDR_1
2252,CBX_1
2253,CBY_1
2254,CS_1
2255,PA_1
2256,CCB_1
2257,CCC_1
2258,CCD_1
2259,ES_1
2260,CCF_1
2261,CCG_1
2262,AR_2
2263,CCX_1
2264,ER_2
2265,CCJ_1
2266,CCK_1
2267,CDB_1
2268,CCM_1
2269,CCN_1
2270,CCO_1
2271,CCP_1
2272,CCQ_1
2273,CCR_1
2274,CCS_1
2275,CCT_1
2276,CCU_1
2277,CCV_1
2278,HT_2
2279,S_4
2280,EQ_2
2281,IV_1
2282,CCH_1
2283,ADS_1
2284,ADT_1
2285,AKN_1
2286,ADU_1
2287,CDC_1
2288,CDD_1
2289,CDE_1
2290,CDF_1
2291,CDG_1
2292,CDH_1
2293,CDI_1
2294,CDJ_1
2295,CDK_1
2296,CL_2
2297,CDL_1
2298,CEC_1
2299,CDN_1
2300,CDO_1
2301,CDP_1
2302,CDQ_1
2303,CEH_1
2304,CDS_1
2305,CDT_1
2306,CDU_1
2307,CDV_1
2308,EP_1
2309,CDX_1
2310,CDY_1
2311,ME_2
2312,CDZ_1
2313,CEA_1
2314,CEB_1
2315,CFZ_1
2316,CGQ_1
2317,CGR_1
2318,PM_2
2319,CGS_1
2320,CGD_1
2321,CEI_1
2322,CEJ_1
2323,CEK_1
2324,CEL_1
2325,AV_2
2326,CEM_1
2327,CEN_1
2328,CEO_1
2329,G_5
2330,R_2
2331,EZ_1
2332,CEQ_1
2333,CER_1
2334,CES_1
2335,CFJ_1
2336,CEU_1
2337,CEV_1
2338,CEW_1
2339,CFN_1
2340,CEY_1
2341,CEZ_1
2342,CFA_1
2343,CFB_1
2344,CFC_1
2345,CFD_1
2346,CM_3
2347,CFE_1
2348,CFF_1
2349,CFG_1
2350,CFH_1
2351,CFI_1
2352,CET_1
2353,CCY_1
2354,CCZ_1
2355,CDA_1
2356,B_7
2357,CEX_1
2358,CFO_1
2359,CFP_1
2360,CFQ_1
2361,CFR_1
2362,CFS_1
2363,CFT_1
2364,AE_1
2365,CFU_1
2366,CFV_1
2367,CFW_1
2368,CFX_1
2369,BG_1
2370,CFY_1
2371,CGP_1
2372,CGA_1
2373,CGB_1
2374,CGC_1
2375,CGT_1
2376,CGE_1
2377,CGF_1
2378,CGG_1
2379,ID_1
2380,CGH_1
2381,CGI_1
2382,CR_1
2383,CGJ_1
2384,CGK_1
2385,CGL_1
2386,CGM_1
2387,CGN_1
2388,CGO_1
2389,CNG_1
2390,CJB_1
2391,CJC_1
2392,CJD_1
2393,CIO_1
2394,HD_2
2395,CGU_1
2396,CGV_1
2397,CGW_1
2398,IO_2
2399,CGX_1
2400,CGY_1
2401,BL_2
2402,CHA_1
2403,CHB_1
2404,CHC_1
2405,JA_2
2406,AJ_4
2407,AJ_3
2408,EM_1
2409,CHE_1
2410,BV_1
2411,CHV_1
2412,CHG_1
2413,CHH_1
2414,CHY_1
2415,CHJ_1
2416,CHK_1
2417,CHL_1
2418,CHM_1
2419,CHN_1
2420,CHO_1
2421,EL_2
2422,CHQ_1
2423,IJ_2
2424,CHR_1
2425,CHS_1
2426,CHT_1
2427,CHU_1
2428,CHF_1
2429,CPE_1
2430,CPF_1
2431,CPG_1
2432,CMF_1
2433,CHZ_1
2434,CIA_1
2435,CIB_1
2436,CIC_1
2437,EK_1
2438,CID_1
2439,CF_1
2440,CIF_1
2441,CIG_1
2442,CIH_1
2443,CII_1
2444,AD_2
2445,CJA_1
2446,EJ_1
2447,CIM_1
2448,EI_1
2449,EH_2
2450,CIP_1
2451,CIQ_1
2452,CIR_1
2453,B_2
2454,CIS_1
2455,MV_2
2456,CIT_1
2457,CIU_1
2458,CIV_1
2459,JU_2
2460,EG_1
2461,CIX_1
2462,CIY_1
2463,CN_1
2464,CIZ_1
2465,CKX_1
2466,CLO_1
2467,CLP_1
2468,CLA_1
2469,CJF_1
2470,GG_2
2471,MF_2
2472,CJG_1
2473,CJH_1
2474,CJI_1
2475,CJJ_1
2476,EF_2
2477,CV_2
2478,CJK_1
2479,CJL_1
2480,LE_1
2481,CJM_1
2482,CJN_1
2483,HS_2
2484,CJO_1
2485,CJP_1
2486,D_3
2487,CJQ_1
2488,CKH_1
2489,CJS_1
2490,CJT_1
2491,CKK_1
2492,LX_1
2493,CJV_1
2494,CJW_1
2495,FJ_1
2496,JI_1
2497,CJY_1
2498,CJZ_1
2499,CJ_1
2500,CKB_1
2501,CKC_1
2502,CKD_1
2503,MG_2
2504,CKE_1
2505,CKF_1
2506,CKG_1
2507,FT_1
2508,CHW_1
2509,CHX_1
2510,CJU_1
2511,CKL_1
2512,CKM_1
2513,CKN_1
2514,CKO_1
2515,W_2
2516,ET_2
2517,CKP_1
2518,EL_1
2519,CKQ_1
2520,CKR_1
2521,EV_1
2522,CKS_1
2523,CKT_1
2524,CKU_1
2525,GE_1
2526,CKW_1
2527,CLN_1
2528,CKY_1
2529,CZ_2
2530,A_1
2531,CKZ_1
2532,CLQ_1
2533,CLB_1
2534,BN_3
2535,CLC_1
2536,CLD_1
2537,NX_2
2538,CLF_1
2539,CLG_1
2540,NW_1
2541,CLH_1
2542,CLI_1
2543,CLJ_1
2544,CLK_1
2545,CLL_1
2546,CLM_1
2547,CIK_1
2548,CNX_1
2549,CNY_1
2550,CNZ_1
2551,F_5
2552,KL_2
2553,BK_3
2554,COA_1
2555,PK_1
2556,CNL_1
2557,CLR_1
2558,CLS_1
2559,NV_1
2560,R_3
2561,O_1
2562,CLU_1
2563,CLV_1
2564,CLW_1
2565,NU_1
2566,CLX_1
2567,CLY_1
2568,CLZ_1
2569,CMA_1
2570,CMR_1
2571,CMC_1
2572,CMD_1
2573,KA_2
2574,CME_1
2575,CMV_1
2576,CMG_1
2577,CMH_1
2578,CMI_1
2579,CMJ_1
2580,CMK_1
2581,CML_1
2582,CMM_1
2583,CMN_1
2584,CMO_1
2585,CMP_1
2586,MO_2
2587,NT_1
2588,CMB_1
2589,CAN_1
2590,AB_2
2591,CAO_1
2592,CAP_1
2593,AI_1
2594,JZ_2
2595,CHI_1
2596,CMW_1
2597,CMX_1
2598,NS_1
2599,CMZ_1
2600,EN_2
2601,CNA_1
2602,CNB_1
2603,CNC_1
2604,CND_1
2605,CNE_1
2606,CNF_1
2607,CNW_1
2608,CNH_1
2609,CNI_1
2610,CNJ_1
2611,CNK_1
2612,COB_1
2613,CNM_1
2614,CNN_1
2615,CNO_1
2616,CNP_1
2617,CNQ_1
2618,MR_1
2619,NR_1
2620,AD_3
2621,HH_2
2622,CNR_1
2623,CNS_1
2624,CT_3
2625,CNT_1
2626,CNU_1
2627,CNV_1
2628,CPT_1
2629,CQK_1
2630,CQL_1
2631,CQM_1
2632,CPX_1
2633,COC_1
2634,COD_1
2635,KW_2
2636,COE_1
2637,NQ_2
2638,COG_1
2639,COH_1
2640,COI_1
2641,COJ_1
2642,COK_1
2643,AC_1
2644,COL_1
2645,COM_1
2646,CPD_1
2647,NP_2
2648,COP_1
2649,COQ_1
2650,CPH_1
2651,COS_1
2652,OU_1
2653,COU_1
2654,COV_1
2655,COW_1
2656,COX_1
2657,COY_1
2658,COZ_1
2659,CPA_1
2660,CPB_1
2661,CPC_1
2662,CON_1
2663,CMS_1
2664,CMT_1
2665,CMU_1
2666,M_4
2667,COR_1
2668,CPI_1
2669,CPJ_1
2670,CPK_1
2671,CPL_1
2672,AQI_1
2673,CPM_1
2674,CPN_1
2675,CPO_1
2676,X_4
2677,J_1
2678,CPP_1
2679,CPQ_1
2680,CPR_1
2681,CPS_1
2682,CQJ_1
2683,MT_1
2684,CPU_1
2685,CPV_1
2686,CPW_1
2687,NN_2
2688,CPY_1
2689,CPZ_1
2690,AP_3
2691,CQA_1
2692,CQB_1
2693,NM_2
2694,CQD_1
2695,CQE_1
2696,CQF_1
2697,BL_1
2698,OY_1
2699,CQG_1
2700,CQH_1
2701,CQI_1
2702,NL_1
2703,CSC_1
2704,CSD_1
2705,CSE_1
2706,NP_1
2707,BP_1
2708,CSF_1
2709,KR_1
2710,CSG_1
2711,CSH_1
2712,AW_2
2713,CSY_1
2714,CSJ_1
2715,CSK_1
2716,CSL_1
2717,CSM_1
2718,CSN_1
2719,CSO_1
2720,CSP_1
2721,CSQ_1
2722,CQW_1
2723,CSS_1
2724,AL_3
2725,LQ_1
2726,CST_1
2727,J_4
2728,CSU_1
2729,CSV_1
2730,CSW_1
2731,CSX_1
2732,CSI_1
2733,CQO_1
2734,II_2
2735,CQP_1
2736,CQQ_1
2737,CQR_1
2738,CQS_1
2739,CQT_1
2740,NK_2
2741,NJ_1
2742,CSR_1
2743,IU_2
2744,CYE_1
2745,CYF_1
2746,CYG_1
2747,CYH_1
2748,CYI_1
2749,CYJ_1
2750,IF_2
2751,AM_4
2752,CZA_1
2753,CYL_1
2754,CYM_1
2755,CYN_1
2756,CYO_1
2757,CYP_1
2758,CYQ_1
2759,CYR_1
2760,CYS_1
2761,CSB_1
2762,CYU_1
2763,CYV_1
2764,EA_2
2765,CYW_1
2766,CYX_1
2767,B_3
2768,CYY_1
2769,NT_2
2770,CYZ_1
2771,CVY_1
2772,GW_1
2773,CRT_1
2774,CRU_1
2775,CRV_1
2776,CRW_1
2777,CRX_1
2778,CRY_1
2779,CRZ_1
2780,CSA_1
2781,CRM_1
2782,CUO_1
2783,CUP_1
2784,CUQ_1
2785,CUR_1
2786,CUS_1
2787,CVJ_1
2788,CUU_1
2789,CUV_1
2790,CUW_1
2791,CUX_1
2792,CUY_1
2793,CUZ_1
2794,CVA_1
2795,CVB_1
2796,CVC_1
2797,CTA_1
2798,CTI_1
2799,CTH_1
2800,D_2
2801,CTG_1
2802,CTF_1
2803,CTE_1
2804,CTD_1
2805,CTC_1
2806,CTB_1
2807,CTJ_1
2808,CSZ_1
2809,CUT_1
2810,CZ_1
2811,CVI_1
2812,CVH_1
2813,DB_3
2814,CVG_1
2815,CVF_1
2816,C_5
2817,CVE_1
2818,CVD_1
2819,CQX_1
2820,CQY_1
2821,CQZ_1
2822,CRA_1
2823,JK_1
2824,B_4
2825,CRB_1
2826,CRS_1
2827,CRD_1
2828,CRE_1
2829,CRF_1
2830,BS_2
2831,CRG_1
2832,CRH_1
2833,CRI_1
2834,BO_3
2835,CRK_1
2836,CRL_1
2837,NI_2
2838,CRN_1
2839,CRO_1
2840,CRP_1
2841,CRQ_1
2842,F_1
2843,EF_1
2844,NH_2
2845,CF_2
2846,CTN_1
2847,CUE_1
2848,CUF_1
2849,N_4
2850,CUG_1
2851,CUH_1
2852,CUI_1
2853,CUJ_1
2854,NG_2
2855,CUL_1
2856,CUM_1
2857,CYT_1
2858,CWX_1
2859,CWY_1
2860,CH_3
2861,CWZ_1
2862,NM_1
2863,IN_2
2864,CXA_1
2865,CXB_1
2866,CXC_1
2867,CXD_1
2868,NB_1
2869,CXU_1
2870,CXF_1
2871,CXG_1
2872,CXH_1
2873,CE_2
2874,CXI_1
2875,CXJ_1
2876,CXK_1
2877,CXL_1
2878,CVR_1
2879,CXN_1
2880,NF_1
2881,N_2
2882,CXP_1
2883,CXQ_1
2884,AH_1
2885,CXR_1
2886,CXS_1
2887,CXT_1
2888,CXE_1
2889,CVK_1
2890,OK_2
2891,CQ_2
2892,CVM_1
2893,CVN_1
2894,AD_4
2895,BE_3
2896,CVO_1
2897,CVP_1
2898,CVQ_1
2899,CXM_1
2900,DWO_1
2901,DWP_1
2902,DWQ_1
2903,DWR_1
2904,DWS_1
2905,DWT_1
2906,DWU_1
2907,DXL_1
2908,DWW_1
2909,DWX_1
2910,NG_1
2911,DWY_1
2912,DWZ_1
2913,DXA_1
2914,X_3
2915,DXB_1
2916,DXC_1
2917,CWW_1
2918,DXE_1
2919,DXF_1
2920,AI_3
2921,EP_2
2922,DXG_1
2923,DXH_1
2924,DXI_1
2925,DXJ_1
2926,DXK_1
2927,NZ_1
2928,CWP_1
2929,AB_1
2930,CWQ_1
2931,QJ_1
2932,CWS_1
2933,QI_1
2934,CWU_1
2935,CWV_1
2936,CWH_1
2937,CZK_1
2938,CZL_1
2939,CZM_1
2940,QH_2
2941,CZO_1
2942,CZP_1
2943,DAG_1
2944,CZR_1
2945,CZS_1
2946,HU_1
2947,CZT_1
2948,CZU_1
2949,CZV_1
2950,CZW_1
2951,CZX_1
2952,CZY_1
2953,CYD_1
2954,QG_2
2955,QF_2
2956,DAC_1
2957,DAD_1
2958,DAE_1
2959,DAF_1
2960,K_5
2961,CZQ_1
2962,EB_2
2963,CXV_1
2964,QE_1
2965,IC_2
2966,IW_2
2967,CXX_1
2968,CXY_1
2969,CXZ_1
2970,CYA_1
2971,CYB_1
2972,CYC_1
2973,CC_2
2974,CVS_1
2975,CVT_1
2976,CVU_1
2977,CVV_1
2978,CVW_1
2979,QD_1
2980,CVX_1
2981,QK_1
2982,DL_1
2983,LN_2
2984,CWO_1
2985,CVZ_1
2986,CWA_1
2987,J_5
2988,CK_2
2989,CF_3
2990,CWB_1
2991,CWC_1
2992,CWD_1
2993,CWE_1
2994,CWF_1
2995,CWG_1
2996,CZJ_1
2997,CWI_1
2998,CWJ_1
2999,CWK_1
3000,CWL_1
3001,CWM_1
3002,CWN_1
3003,CYK_1
3004,QC_2
3005,CZC_1
3006,CZD_1
3007,CZE_1
3008,CZF_1
3009,BD_1
3010,QB_1
3011,CZH_1
3012,CZI_1
3013,EO_2
3014,CTZ_1
3015,DBZ_1
3016,JY_1
3017,DCA_1
3018,DCR_1
3019,DCC_1
3020,DCD_1
3021,DCE_1
3022,GD_1
3023,DCF_1
3024,CW_3
3025,DCG_1
3026,DW_1
3027,DCH_1
3028,DCI_1
3029,DCJ_1
3030,BX_2
3031,DCK_1
3032,DCL_1
3033,DCM_1
3034,DCN_1
3035,DAT_1
3036,DCP_1
3037,DCQ_1
3038,DCB_1
3039,DAH_1
3040,DAI_1
3041,DAJ_1
3042,DAK_1
3043,DAL_1
3044,DAM_1
3045,A_4
3046,DAN_1
3047,DAO_1
3048,DAP_1
3049,NY_2
3050,DAR_1
3051,DAS_1
3052,DCO_1
3053,DIC_1
3054,DID_1
3055,BL_3
3056,DIU_1
3057,DIF_1
3058,DIG_1
3059,DIH_1
3060,DII_1
3061,DIJ_1
3062,DIK_1
3063,DIL_1
3064,DIM_1
3065,DIN_1
3066,PQ_1
3067,DIO_1
3068,DIP_1
3069,DIQ_1
3070,DBY_1
3071,DIS_1
3072,DIT_1
3073,DFS_1
3074,DBM_1
3075,KX_1
3076,DBN_1
3077,DBO_1
3078,DBP_1
3079,DBQ_1
3080,AG_3
3081,DBR_1
3082,DBS_1
3083,DBT_1
3084,DBU_1
3085,DBV_1
3086,DBW_1
3087,DBX_1
3088,QI_2
3089,DBJ_1
3090,DEM_1
3091,DFD_1
3092,DEO_1
3093,DEP_1
3094,DEQ_1
3095,PJ_1
3096,G_3
3097,DER_1
3098,DES_1
3099,DET_1
3100,DEU_1
3101,DEV_1
3102,DEW_1
3103,DEX_1
3104,DEY_1
3105,DEZ_1
3106,DFA_1
3107,DCX_1
3108,DDF_1
3109,DDE_1
3110,AN_4
3111,DDD_1
3112,PZ_1
3113,DDB_1
3114,DDA_1
3115,DCZ_1
3116,DCY_1
3117,DDG_1
3118,DCW_1
3119,DCV_1
3120,DCU_1
3121,DCT_1
3122,DCS_1
3123,DEN_1
3124,DFC_1
3125,DFB_1
3126,CW_1
3127,PY_1
3128,DBL_1
3129,DAW_1
3130,DAX_1
3131,DAY_1
3132,DAZ_1
3133,DBA_1
3134,DBB_1
3135,DBC_1
3136,GL_1
3137,DBD_1
3138,DBE_1
3139,HM_1
3140,DBF_1
3141,DBG_1
3142,DBH_1
3143,DBI_1
3144,DEL_1
3145,DBK_1
3146,DDH_1
3147,AY_1
3148,DDY_1
3149,DDZ_1
3150,DEA_1
3151,DEB_1
3152,DEC_1
3153,PX_2
3154,DEE_1
3155,DEF_1
3156,DEG_1
3157,DEH_1
3158,DEI_1
3159,BR_2
3160,DEJ_1
3161,DEK_1
3162,DIR_1
3163,DGV_1
3164,DGW_1
3165,DGX_1
3166,DHO_1
3167,DGZ_1
3168,DHA_1
3169,DHB_1
3170,DHC_1
3171,DHD_1
3172,DHE_1
3173,DHF_1
3174,DHG_1
3175,DHH_1
3176,DHI_1
3177,DHJ_1
3178,GC_1
3179,AS_2
3180,GK_2
3181,DFP_1
3182,DHL_1
3183,DHM_1
3184,DHN_1
3185,DGY_1
3186,PW_1
3187,JG_1
3188,DFF_1
3189,DFG_1
3190,DFH_1
3191,DFI_1
3192,DFJ_1
3193,DFK_1
3194,DFL_1
3195,DFM_1
3196,DFN_1
3197,DFO_1
3198,DHK_1
3199,CTK_1
3200,CTL_1
3201,CTM_1
3202,CUD_1
3203,KT_1
3204,CTO_1
3205,CTP_1
3206,HG_1
3207,CTQ_1
3208,CTR_1
3209,CTS_1
3210,PW_2
3211,CTT_1
3212,PV_2
3213,CTV_1
3214,CTW_1
3215,CTX_1
3216,CTY_1
3217,DGU_1
3218,JV_2
3219,CUA_1
3220,CUB_1
3221,PU_1
3222,CUC_1
3223,DAV_1
3224,DGJ_1
3225,CY_1
3226,MY_1
3227,DGK_1
3228,EZ_2
3229,DGL_1
3230,PT_1
3231,PP_1
3232,QF_1
3233,AF_1
3234,DGN_1
3235,DGO_1
3236,ER_1
3237,DGP_1
3238,DGQ_1
3239,D_6
3240,DGR_1
3241,AF_4
3242,PX_1
3243,DGS_1
3244,DGT_1
3245,DGF_1
3246,DJI_1
3247,DJJ_1
3248,DKA_1
3249,DJL_1
3250,BZ_3
3251,PS_1
3252,DJN_1
3253,DJO_1
3254,DJP_1
3255,BA_1
3256,DJQ_1
3257,DJR_1
3258,DJS_1
3259,PR_2
3260,DJU_1
3261,DJV_1
3262,DJW_1
3263,IZ_1
3264,DIB_1
3265,DJY_1
3266,DJZ_1
3267,DJK_1
3268,DHP_1
3269,DHQ_1
3270,DHR_1
3271,PL_1
3272,KC_2
3273,NO_1
3274,DHT_1
3275,DHU_1
3276,DHV_1
3277,DHW_1
3278,DHX_1
3279,DHY_1
3280,DHZ_1
3281,DIA_1
3282,DJX_1
3283,DFQ_1
3284,DFR_1
3285,DGI_1
3286,DFT_1
3287,DFU_1
3288,DFV_1
3289,DFW_1
3290,DFX_1
3291,DFY_1
3292,EW_1
3293,DFZ_1
3294,OV_1
3295,DGB_1
3296,DGC_1
3297,DGD_1
3298,BC_3
3299,DGE_1
3300,DXD_1
3301,DGG_1
3302,DGH_1
3303,DIE_1
3304,DIV_1
3305,PA_2
3306,HA_2
3307,DIX_1
3308,DIY_1
3309,BC_1
3310,DIZ_1
3311,DJA_1
3312,DJB_1
3313,DJC_1
3314,DJD_1
3315,DJE_1
3316,OK_1
3317,DJF_1
3318,DJG_1
3319,DTC_1
3320,DNG_1
3321,DTA_1
3322,DSQ_1
3323,DRQ_1
3324,DRM_1
3325,DTT_1
3326,DTQ_1
3327,DQZ_1
3328,KU_1
3329,DQN_1
3330,DQI_1
3331,DPJ_1
3332,DPF_1
3333,DNW_1
3334,DKX_1
3335,DKM_1
3336,DKL_1
3337,DON_1
3338,DMN_1
3339,FR_2
3340,DOV_1
3341,DOO_1
3342,DOL_1
3343,EC_2
3344,DOJ_1
3345,DOX_1
3346,DOC_1
3347,DKY_1
3348,FQ_2
3349,DLP_1
3350,KQ_1
3351,DLM_1
3352,DLH_1
3353,DSM_1
3354,DSJ_1
3355,DSH_1
3356,DSF_1
3357,DSE_1
3358,A_3
3359,KI_2
3360,DSD_1
3361,FZ_1
3362,IL_2
3363,DKJ_1
3364,DKI_1
3365,DKF_1
3366,DKC_1
3367,DKB_1
3368,DMJ_1
3369,DLT_1
3370,DLU_1
3371,OV_2
3372,CX_2
3373,DML_1
3374,DLW_1
3375,DLX_1
3376,DLY_1
3377,F_4
3378,DLZ_1
3379,DMA_1
3380,IP_2
3381,DMB_1
3382,DMC_1
3383,DMD_1
3384,DME_1
3385,DMF_1
3386,DKK_1
3387,DMH_1
3388,PY_2
3389,DMI_1
3390,FP_2
3391,BM_1
3392,DLV_1
3393,DKD_1
3394,DKE_1
3395,DKG_1
3396,DKH_1
3397,FO_1
3398,AZ_2
3399,DMG_1
3400,DSA_1
3401,JM_2
3402,DSB_1
3403,DSC_1
3404,DSG_1
3405,DSI_1
3406,DSK_1
3407,DSL_1
3408,DLS_1
3409,DPM_1
3410,DLG_1
3411,DLI_1
3412,DLJ_1
3413,DLK_1
3414,DLL_1
3415,DLN_1
3416,DLO_1
3417,DLQ_1
3418,DLR_1
3419,DOA_1
3420,DOB_1
3421,LT_2
3422,DOD_1
3423,DOE_1
3424,DOF_1
3425,DOG_1
3426,DOI_1
3427,DOK_1
3428,DOM_1
3429,DMQ_1
3430,FN_2
3431,DOP_1
3432,KG_1
3433,AS_1
3434,DOQ_1
3435,DOR_1
3436,DOS_1
3437,NX_1
3438,DOT_1
3439,DOU_1
3440,DOH_1
3441,DMM_1
3442,DMO_1
3443,DMP_1
3444,DKN_1
3445,FM_1
3446,HC_1
3447,DLF_1
3448,DKQ_1
3449,DKR_1
3450,DKS_1
3451,DKT_1
3452,DKU_1
3453,KE_2
3454,DKV_1
3455,DKW_1
3456,DNZ_1
3457,DKZ_1
3458,DLA_1
3459,DLB_1
3460,DLC_1
3461,DLD_1
3462,DLE_1
3463,DNB_1
3464,DNS_1
3465,DNT_1
3466,DNU_1
3467,NV_2
3468,DNV_1
3469,DNX_1
3470,DSN_1
3471,DNY_1
3472,DTJ_1
3473,DRB_1
3474,DRC_1
3475,DRD_1
3476,PR_1
3477,DRE_1
3478,DRF_1
3479,DRG_1
3480,DRH_1
3481,DQS_1
3482,DOY_1
3483,DOZ_1
3484,IH_2
3485,DPA_1
3486,DPB_1
3487,DPC_1
3488,DPS_1
3489,DPE_1
3490,DPG_1
3491,DPH_1
3492,DPI_1
3493,DPK_1
3494,DPL_1
3495,DQC_1
3496,DPN_1
3497,DPO_1
3498,JP_2
3499,DPP_1
3500,GZ_2
3501,DPD_1
3502,DPR_1
3503,DQO_1
3504,DQK_1
3505,DQJ_1
3506,DQH_1
3507,DQG_1
3508,DQF_1
3509,JO_2
3510,FL_1
3511,DQL_1
3512,DQD_1
3513,DQM_1
3514,FK_1
3515,MW_2
3516,GR_1
3517,DQP_1
3518,DQQ_1
3519,DQR_1
3520,BK_2
3521,DRI_1
3522,FU_2
3523,DQU_1
3524,PT_2
3525,GO_1
3526,CU_1
3527,DQW_1
3528,DQX_1
3529,DQY_1
3530,DPQ_1
3531,DTI_1
3532,DSS_1
3533,DTK_1
3534,DTL_1
3535,DTM_1
3536,DTN_1
3537,DTO_1
3538,FH_2
3539,DTR_1
3540,DTS_1
3541,DTE_1
3542,DRJ_1
3543,DRZ_1
3544,DRL_1
3545,LR_2
3546,DRN_1
3547,HP_1
3548,DRO_1
3549,DRP_1
3550,FG_1
3551,DRR_1
3552,DRS_1
3553,DRT_1
3554,E_3
3555,D_1
3556,DRU_1
3557,AN_2
3558,DRV_1
3559,DRW_1
3560,DRX_1
3561,DSO_1
3562,FU_1
3563,DRK_1
3564,DPT_1
3565,DPU_1
3566,DPV_1
3567,DPW_1
3568,DPX_1
3569,DPY_1
3570,NU_2
3571,DPZ_1
3572,DQA_1
3573,DQB_1
3574,DRY_1
3575,AP_2
3576,DSP_1
3577,BP_3
3578,DSR_1
3579,DTH_1
3580,DST_1
3581,DSU_1
3582,DSV_1
3583,NW_2
3584,HI_2
3585,DSW_1
3586,EJ_2
3587,DSX_1
3588,DSY_1
3589,DSZ_1
3590,DTB_1
3591,DTD_1
3592,DTU_1
3593,DTG_1
3594,DTF_1
3595,DVG_1
3596,DVH_1
3597,DVI_1
3598,DVJ_1
3599,DVK_1
3600,DVL_1
3601,DVM_1
3602,CO_2
3603,DVN_1
3604,DVO_1
3605,DE_1
3606,DWF_1
3607,DVQ_1
3608,DVR_1
3609,DVS_1
3610,R_4
3611,AG_2
3612,DVT_1
3613,DVU_1
3614,MS_1
3615,DUA_1
3616,DVW_1
3617,CG_3
3618,DVX_1
3619,DVY_1
3620,GB_1
3621,DVZ_1
3622,DWA_1
3623,DWB_1
3624,DWC_1
3625,DWD_1
3626,DWE_1
3627,DVP_1
3628,DTV_1
3629,DTW_1
3630,FF_2
3631,DTY_1
3632,DTZ_1
3633,EX_1
3634,DVV_1
3635,EBJ_1
3636,EBK_1
3637,FR_1
3638,DD_3
3639,EBL_1
3640,JL_2
3641,EBM_1
3642,EBN_1
3643,FQ_1
3644,EBO_1
3645,EBP_1
3646,EBQ_1
3647,EBR_1
3648,FE_2
3649,EBT_1
3650,EBU_1
3651,EBV_1
3652,EBW_1
3653,QG_1
3654,AX_1
3655,EBX_1
3656,DVF_1
3657,EBZ_1
3658,JX_1
3659,ECA_1
3660,ECB_1
3661,ECC_1
3662,GM_1
3663,ECD_1
3664,ECE_1
3665,ECF_1
3666,ECG_1
3667,DO_1
3668,FD_2
3669,JS_1
3670,DC_2
3671,DZG_1
3672,DVA_1
3673,FM_2
3674,DVB_1
3675,DVC_1
3676,DVD_1
3677,DVE_1
3678,DUQ_1
3679,QL_1
3680,DXT_1
3681,DXU_1
3682,DXV_1
3683,DXW_1
3684,P_3
3685,AD_1
3686,DXX_1
3687,S_1
3688,DXY_1
3689,DXZ_1
3690,NN_1
3691,FC_1
3692,DYR_1
3693,DYC_1
3694,QE_2
3695,JW_1
3696,DYD_1
3697,DYE_1
3698,DYF_1
3699,DYG_1
3700,DYH_1
3701,DYQ_1
3702,DWM_1
3703,DWL_1
3704,DWK_1
3705,DWJ_1
3706,DWI_1
3707,DWH_1
3708,DWG_1
3709,H_4
3710,DYB_1
3711,KO_1
3712,DWN_1
3713,DYP_1
3714,DYO_1
3715,DYN_1
3716,DYM_1
3717,HQ_1
3718,DYL_1
3719,LI_1
3720,DYK_1
3721,DYJ_1
3722,DYI_1
3723,FO_2
3724,AQ_1
3725,U_4
3726,DUB_1
3727,DUC_1
3728,DUD_1
3729,FB_2
3730,BY_1
3731,DUF_1
3732,DUG_1
3733,DUH_1
3734,DUI_1
3735,DUZ_1
3736,DUK_1
3737,DUL_1
3738,DUM_1
3739,DUN_1
3740,DUO_1
3741,DUP_1
3742,NH_1
3743,DXS_1
3744,KH_2
3745,DUR_1
3746,DUS_1
3747,DUT_1
3748,NJ_2
3749,DUU_1
3750,DUV_1
3751,IR_1
3752,DUW_1
3753,A_5
3754,DUX_1
3755,DUY_1
3756,DWV_1
3757,FA_2
3758,DXN_1
3759,DXO_1
3760,DXP_1
3761,DXQ_1
3762,DXR_1
3763,EBY_1
3764,AE_3
3765,EAC_1
3766,EAD_1
3767,EAE_1
3768,BT_2
3769,EAF_1
3770,EAG_1
3771,EAH_1
3772,LC_1
3773,EAI_1
3774,EAJ_1
3775,AE_4
3776,EAK_1
3777,GF_1
3778,FB_1
3779,EAL_1
3780,EBC_1
3781,EAN_1
3782,EAO_1
3783,EAP_1
3784,GP_2
3785,DYW_1
3786,EAS_1
3787,EAT_1
3788,EAU_1
3789,EAV_1
3790,EAW_1
3791,IM_1
3792,I_3
3793,EAX_1
3794,EAY_1
3795,E_4
3796,EAZ_1
3797,EBA_1
3798,FI_1
3799,NS_2
3800,EAM_1
3801,DYS_1
3802,DYT_1
3803,FP_1
3804,DYU_1
3805,DYV_1
3806,EAR_1
3807,DMR_1
3808,LM_1
3809,DMS_1
3810,DMT_1
3811,DMU_1
3812,DMV_1
3813,DMW_1
3814,DMX_1
3815,DMY_1
3816,DMZ_1
3817,DNA_1
3818,GJ_2
3819,DNR_1
3820,OX_1
3821,DNC_1
3822,DND_1
3823,DNE_1
3824,DNF_1
3825,EAB_1
3826,CG_2
3827,DNH_1
3828,DNI_1
3829,HZ_2
3830,DNJ_1
3831,DG_1
3832,DNK_1
3833,OT_1
3834,DA_2
3835,DNL_1
3836,BO_2
3837,DNM_1
3838,DNN_1
3839,DNO_1
3840,DNP_1
3841,DNQ_1
3842,OS_2
3843,DZX_1
3844,DZY_1
3845,DZZ_1
3846,EAA_1
3847,DZM_1
3848,ECP_1
3849,ECQ_1
3850,ECR_1
3851,ECS_1
3852,ECT_1
3853,ECU_1
3854,ECV_1
3855,ECW_1
3856,ECX_1
3857,EDO_1
3858,ECZ_1
3859,EDA_1
3860,OR_1
3861,EDC_1
3862,EDD_1
3863,EBI_1
3864,EDF_1
3865,L_4
3866,DI_1
3867,EDG_1
3868,EDH_1
3869,EDI_1
3870,EDJ_1
3871,EDK_1
3872,EDL_1
3873,EDM_1
3874,EDN_1
3875,ECY_1
3876,EBD_1
3877,EBE_1
3878,EBF_1
3879,EBG_1
3880,EBH_1
3881,EDE_1
3882,DYX_1
3883,OW_2
3884,DYY_1
3885,DYZ_1
3886,DZA_1
3887,LP_2
3888,DZB_1
3889,DZC_1
3890,DZD_1
3891,DZE_1
3892,DZF_1
3893,DZW_1
3894,OS_1
3895,DZH_1
3896,DZI_1
3897,DZJ_1
3898,QD_2
3899,EY_1
3900,DZK_1
3901,DZL_1
3902,ECO_1
3903,DZN_1
3904,FE_1
3905,MQ_1
3906,DZO_1
3907,DZP_1
3908,DZQ_1
3909,DZR_1
3910,DZS_1
3911,DZT_1
3912,DZU_1
3913,DZV_1
3914,EBS_1
3915,ECJ_1
3916,OQ_1
3917,ECL_1
3918,P_2
3919,ECM_1
3920,OP_1
3921,DJH_1
3922,EFO_1
3923,EFP_1
3924,EFQ_1
3925,EFR_1
3926,EFS_1
3927,EFT_1
3928,EFU_1
3929,JA_1
3930,AL_2
3931,OO_2
3932,EFV_1
3933,EFW_1
3934,EFX_1
3935,EFY_1
3936,EFJ_1
3937,EDP_1
3938,OQ_2
3939,DDW_1
3940,EDR_1
3941,EEI_1
3942,EDT_1
3943,ON_2
3944,EDV_1
3945,EDW_1
3946,IS_2
3947,EDX_1
3948,EDY_1
3949,EDZ_1
3950,G_2
3951,GY_1
3952,EEA_1
3953,EEB_1
3954,DE_2
3955,EEC_1
3956,EET_1
3957,EEE_1
3958,EEF_1
3959,EEG_1
3960,EEH_1
3961,CC_3
3962,EDS_1
3963,ELQ_1
3964,ELR_1
3965,NZ_2
3966,ELS_1
3967,ELT_1
3968,ELU_1
3969,ELV_1
3970,AA_3
3971,X_1
3972,ELW_1
3973,ELX_1
3974,ELY_1
3975,ELZ_1
3976,EMA_1
3977,EIZ_1
3978,EEU_1
3979,EEV_1
3980,KP_2
3981,EEW_1
3982,AM_2
3983,EFN_1
3984,EEY_1
3985,EEZ_1
3986,EFA_1
3987,EFB_1
3988,EFC_1
3989,EFD_1
3990,EFE_1
3991,EFF_1
3992,EFG_1
3993,NY_1
3994,EFH_1
3995,EFI_1
3996,EFZ_1
3997,EFK_1
3998,MX_1
3999,EFL_1
4000,GO_2
4001,HA_1
4002,EFM_1
4003,EHJ_1
4004,GE_2
4005,NK_1
4006,BE_2
4007,EIA_1
4008,EIB_1
4009,EIC_1
4010,EID_1
4011,EIE_1
4012,EIF_1
4013,EIG_1
4014,EIH_1
4015,EII_1
4016,EIJ_1
4017,EHU_1
4018,EGA_1
4019,DC_1
4020,EGB_1
4021,EGC_1
4022,GH_2
4023,EGD_1
4024,EGU_1
4025,EGF_1
4026,EGG_1
4027,EGH_1
4028,EGI_1
4029,CD_3
4030,EGJ_1
4031,OM_2
4032,EGL_1
4033,EGM_1
4034,EGN_1
4035,CV_1
4036,LO_1
4037,EHE_1
4038,EGP_1
4039,FV_2
4040,EGQ_1
4041,LB_2
4042,EGR_1
4043,EGS_1
4044,EGT_1
4045,EGE_1
4046,EEJ_1
4047,EEK_1
4048,EEL_1
4049,EEM_1
4050,AI_2
4051,EEN_1
4052,CI_3
4053,EEO_1
4054,IY_2
4055,EEP_1
4056,EEQ_1
4057,EER_1
4058,EES_1
4059,EGO_1
4060,EHF_1
4061,IX_1
4062,EHG_1
4063,EHH_1
4064,DU_1
4065,EHI_1
4066,EHZ_1
4067,EHK_1
4068,EHL_1
4069,CX_3
4070,BQ_3
4071,EHM_1
4072,A_6
4073,EHN_1
4074,OL_1
4075,EHO_1
4076,NO_2
4077,EHP_1
4078,EHQ_1
4079,EHR_1
4080,HR_1
4081,EHS_1
4082,EHT_1
4083,EIK_1
4084,EH_1
4085,DJ_1
4086,EHV_1
4087,EHW_1
4088,EHX_1
4089,EHY_1
4090,EEX_1
4091,EKJ_1
4092,EKK_1
4093,EKL_1
4094,EKM_1
4095,FF_1
4096,EKN_1
4097,CS_3
4098,EKO_1
4099,EKP_1
4100,EKQ_1
4101,EKR_1
4102,EKS_1
4103,EKT_1
4104,EKU_1
4105,EKF_1
4106,EIL_1
4107,EIM_1
4108,FS_2
4109,EIO_1
4110,EIP_1
4111,EIQ_1
4112,EIR_1
4113,EIS_1
4114,EIT_1
4115,EIU_1
4116,EIV_1
4117,EIW_1
4118,BM_2
4119,EIX_1
4120,M_1
4121,OJ_1
4122,EJP_1
4123,EJA_1
4124,EJB_1
4125,EJC_1
4126,EIN_1
4127,FKA_1
4128,FKB_1
4129,FKC_1
4130,FKD_1
4131,FKE_1
4132,FKF_1
4133,Q_4
4134,FKG_1
4135,FKH_1
4136,FKI_1
4137,FKJ_1
4138,FKK_1
4139,FKL_1
4140,EXQ_1
4141,EJQ_1
4142,EJR_1
4143,EKI_1
4144,EJT_1
4145,EJU_1
4146,EJV_1
4147,EJW_1
4148,EJX_1
4149,FK_2
4150,EJY_1
4151,EJZ_1
4152,EKA_1
4153,EKB_1
4154,EKC_1
4155,EKD_1
4156,EKE_1
4157,CT_2
4158,PZ_2
4159,EKV_1
4160,EKG_1
4161,EKH_1
4162,EMF_1
4163,EMW_1
4164,EMX_1
4165,EMY_1
4166,FL_2
4167,EMZ_1
4168,ENA_1
4169,ML_2
4170,ENB_1
4171,ENC_1
4172,END_1
4173,ENE_1
4174,ENF_1
4175,ENG_1
4176,EMR_1
4177,AS_3
4178,EKW_1
4179,EKX_1
4180,EKY_1
4181,ELP_1
4182,ELA_1
4183,ELB_1
4184,ELC_1
4185,DY_1
4186,ELD_1
4187,EK_2
4188,CS_2
4189,DV_1
4190,OJ_2
4191,ELE_1
4192,ELF_1
4193,LH_1
4194,NR_2
4195,CB_3
4196,LA_2
4197,ELG_1
4198,PU_2
4199,MP_2
4200,AR_3
4201,ELH_1
4202,ELI_1
4203,ELJ_1
4204,ELK_1
4205,EMB_1
4206,ELM_1
4207,ELN_1
4208,ELO_1
4209,EKZ_1
4210,EJE_1
4211,EJF_1
4212,EJG_1
4213,PH_2
4214,AB_4
4215,ES_2
4216,EJH_1
4217,EJI_1
4218,EJJ_1
4219,AH_3
4220,EJK_1
4221,EJL_1
4222,EJM_1
4223,EJN_1
4224,EJO_1
4225,ELL_1
4226,EMC_1
4227,NF_2
4228,EMD_1
4229,EME_1
4230,EMV_1
4231,EMG_1
4232,EMH_1
4233,EMI_1
4234,AL_1
4235,EMJ_1
4236,EMK_1
4237,EML_1
4238,EMM_1
4239,EMN_1
4240,EMO_1
4241,OI_1
4242,EMQ_1
4243,ENH_1
4244,EMS_1
4245,OT_2
4246,DD_2
4247,EMT_1
4248,EMU_1
4249,EU_2
4250,ETP_1
4251,EPK_1
4252,EPL_1
4253,EPM_1
4254,EPN_1
4255,EPO_1
4256,EPP_1
4257,EPQ_1
4258,EPR_1
4259,EPC_1
4260,ENI_1
4261,ENJ_1
4262,ENK_1
4263,AM_1
4264,ENL_1
4265,OL_2
4266,ENM_1
4267,ENN_1
4268,EOE_1
4269,ENP_1
4270,FJ_2
4271,ENQ_1
4272,ENR_1
4273,ENS_1
4274,ENT_1
4275,LS_2
4276,CC_1
4277,ENU_1
4278,ENV_1
4279,EOM_1
4280,ENX_1
4281,ENY_1
4282,ENZ_1
4283,EOA_1
4284,T_4
4285,EOB_1
4286,EOC_1
4287,EOD_1
4288,ENO_1
4289,EVN_1
4290,NI_1
4291,OH_2
4292,EVP_1
4293,AZ_1
4294,EVQ_1
4295,AJ_1
4296,EVR_1
4297,EVS_1
4298,EVT_1
4299,EVU_1
4300,EST_1
4301,EON_1
4302,K_4
4303,EOO_1
4304,EOP_1
4305,EOQ_1
4306,EOR_1
4307,PN_1
4308,EOS_1
4309,EPJ_1
4310,EOU_1
4311,EOV_1
4312,KZ_1
4313,EOW_1
4314,IT_1
4315,EOX_1
4316,EOY_1
4317,EOZ_1
4318,AK_3
4319,EPA_1
4320,EPB_1
4321,EPS_1
4322,EPD_1
4323,EPE_1
4324,EPF_1
4325,EPG_1
4326,EPH_1
4327,B_6
4328,EPI_1
4329,ERG_1
4330,ERX_1
4331,ERY_1
4332,ERZ_1
4333,ESA_1
4334,PS_2
4335,ESB_1
4336,ESC_1
4337,AA_4
4338,ESD_1
4339,ERO_1
4340,EPT_1
4341,EPU_1
4342,EPV_1
4343,EPW_1
4344,EPX_1
4345,DA_3
4346,EPY_1
4347,KF_2
4348,EPZ_1
4349,PV_1
4350,EQY_1
4351,O_4
4352,EQQ_1
4353,EQP_1
4354,EQO_1
4355,EQN_1
4356,EQM_1
4357,EQL_1
4358,EQK_1
4359,BS_3
4360,MD_1
4361,EQJ_1
4362,EQR_1
4363,EQH_1
4364,EQG_1
4365,EQF_1
4366,EQE_1
4367,EQD_1
4368,AK_2
4369,EQC_1
4370,EQB_1
4371,EQA_1
4372,BI_1
4373,EOF_1
4374,EOG_1
4375,V_3
4376,EOH_1
4377,EOI_1
4378,EOJ_1
4379,EOK_1
4380,QB_2
4381,EOL_1
4382,EQI_1
4383,EQZ_1
4384,FN_1
4385,ERA_1
4386,ERB_1
4387,ERC_1
4388,ERD_1
4389,ERE_1
4390,HJ_1
4391,ERF_1
4392,ERW_1
4393,GV_1
4394,ERH_1
4395,ERI_1
4396,AQ_2
4397,ERJ_1
4398,ERK_1
4399,ERL_1
4400,ERM_1
4401,ERN_1
4402,ESE_1
4403,ERP_1
4404,ERQ_1
4405,ERR_1
4406,ERS_1
4407,ERT_1
4408,ERU_1
4409,GA_2
4410,ERV_1
4411,EOT_1
4412,EUG_1
4413,CO_1
4414,EUH_1
4415,EUI_1
4416,EUJ_1
4417,EUK_1
4418,EUL_1
4419,EUM_1
4420,EQ_1
4421,EUN_1
4422,EUO_1
4423,ETZ_1
4424,ESF_1
4425,GF_2
4426,ESG_1
4427,ESH_1
4428,ESI_1
4429,ESJ_1
4430,ETA_1
4431,ESL_1
4432,LK_1
4433,ESM_1
4434,CY_3
4435,ESN_1
4436,ESO_1
4437,ESP_1
4438,ESQ_1
4439,ESR_1
4440,ESS_1
4441,ETJ_1
4442,ESU_1
4443,ESV_1
4444,ESW_1
4445,ESX_1
4446,OG_1
4447,OF_1
4448,ESK_1
4449,EGV_1
4450,EGW_1
4451,EGX_1
4452,EGY_1
4453,EGZ_1
4454,EHA_1
4455,EHB_1
4456,EHC_1
4457,EHD_1
4458,ENW_1
4459,ETK_1
4460,ETL_1
4461,ETM_1
4462,ETN_1
4463,ETO_1
4464,OM_1
4465,EUF_1
4466,ETQ_1
4467,ETR_1
4468,ETS_1
4469,ETT_1
4470,ETU_1
4471,FG_2
4472,ETV_1
4473,EG_2
4474,ETW_1
4475,ETX_1
4476,W_3
4477,ETY_1
4478,EUP_1
4479,EUA_1
4480,EUB_1
4481,EUC_1
4482,CR_3
4483,EUD_1
4484,EUE_1
4485,OR_2
4486,EWC_1
4487,BM_3
4488,EWT_1
4489,EWU_1
4490,CE_1
4491,EWV_1
4492,AB_3
4493,EWW_1
4494,EWX_1
4495,EWY_1
4496,EWZ_1
4497,EXA_1
4498,EWL_1
4499,EUQ_1
4500,FS_1
4501,EUR_1
4502,EUS_1
4503,EUT_1
4504,AH_4
4505,EUU_1
4506,EUV_1
4507,Y_4
4508,EVM_1
4509,EUX_1
4510,EUY_1
4511,JR_1
4512,AK_4
4513,AO_4
4514,EUZ_1
4515,EVA_1
4516,EVB_1
4517,EVC_1
4518,EVD_1
4519,EVE_1
4520,CM_1
4521,HK_1
4522,EVV_1
4523,EVG_1
4524,OP_2
4525,EVH_1
4526,EVI_1
4527,EVJ_1
4528,EVK_1
4529,OE_2
4530,EUW_1
4531,Y_1
4532,ETB_1
4533,MB_1
4534,ETC_1
4535,ETD_1
4536,OD_2
4537,OC_2
4538,ETF_1
4539,ETG_1
4540,ETH_1
4541,ETI_1
4542,EVF_1
4543,EVW_1
4544,EVX_1
4545,FH_1
4546,EVY_1
4547,EVZ_1
4548,KM_1
4549,EWA_1
4550,I_2
4551,AT_1
4552,QC_1
4553,EWB_1
4554,EWS_1
4555,EWD_1
4556,EWE_1
4557,NE_2
4558,EWF_1
4559,EWG_1
4560,EWH_1
4561,EWI_1
4562,EWJ_1
4563,EWK_1
4564,EXB_1
4565,EWM_1
4566,EWN_1
4567,NC_2
4568,EWO_1
4569,EWP_1
4570,OC_1
4571,EWQ_1
4572,EWR_1
4573,EJS_1
4574,EYX_1
4575,EYY_1
4576,EYZ_1
4577,GX_2
4578,EZA_1
4579,EZB_1
4580,EZC_1
4581,EZD_1
4582,EZE_1
4583,EZF_1
4584,EZG_1
4585,EZH_1
4586,EZI_1
4587,FA_1
4588,EZJ_1
4589,EZK_1
4590,EZL_1
4591,EXR_1
4592,EXC_1
4593,EXD_1
4594,EXE_1
4595,EXF_1
4596,EXG_1
4597,EXH_1
4598,GP_1
4599,EXI_1
4600,EXJ_1
4601,EXK_1
4602,EXL_1
4603,EXM_1
4604,EXN_1
4605,BV_3
4606,EXO_1
4607,EXP_1
4608,EYG_1
4609,EYW_1
4610,FFA_1
4611,FFB_1
4612,FFC_1
4613,OH_1
4614,FFD_1
4615,FFE_1
4616,FI_2
4617,OU_2
4618,JD_1
4619,FFF_1
4620,FFG_1
4621,FFH_1
4622,FFI_1
4623,FFJ_1
4624,FFK_1
4625,FFL_1
4626,FFM_1
4627,FFN_1
4628,FFO_1
4629,EZM_1
4630,EYH_1
4631,EYI_1
4632,EYJ_1
4633,EYK_1
4634,EYL_1
4635,EYM_1
4636,EYN_1
4637,EYO_1
4638,EYP_1
4639,EYQ_1
4640,EYR_1
4641,BU_2
4642,EYS_1
4643,JB_2
4644,EYT_1
4645,EYU_1
4646,EYV_1
4647,FAT_1
4648,L_2
4649,FD_1
4650,FBK_1
4651,FBL_1
4652,FBM_1
4653,FBN_1
4654,FBO_1
4655,FBP_1
4656,FBQ_1
4657,OO_1
4658,FBR_1
4659,FBS_1
4660,FBT_1
4661,FBU_1
4662,FBV_1
4663,OB_2
4664,FBX_1
4665,OB_1
4666,FBI_1
4667,FAD_1
4668,DF_1
4669,EZO_1
4670,EZP_1
4671,J_3
4672,EZQ_1
4673,EZR_1
4674,EZS_1
4675,EZT_1
4676,EZU_1
4677,T_2
4678,PO_2
4679,HV_1
4680,EZV_1
4681,EZW_1
4682,EZX_1
4683,EZY_1
4684,EZZ_1
4685,CA_3
4686,FAA_1
4687,BJ_3
4688,FAB_1
4689,QH_1
4690,FAS_1
4691,CJ_3
4692,CA_2
4693,CJ_2
4694,EZN_1
4695,EXS_1
4696,EXT_1
4697,EXU_1
4698,EXV_1
4699,EXW_1
4700,EXX_1
4701,C_1
4702,S_2
4703,EXY_1
4704,EXZ_1
4705,EYA_1
4706,CN_2
4707,EYB_1
4708,EYC_1
4709,EYD_1
4710,EYE_1
4711,EYF_1
4712,FAC_1
4713,FBJ_1
4714,FAU_1
4715,FAV_1
4716,FAW_1
4717,FAX_1
4718,FAY_1
4719,FAZ_1
4720,EM_2
4721,G_4
4722,FBA_1
4723,FBB_1
4724,FBC_1
4725,FBD_1
4726,FBE_1
4727,FBF_1
4728,FBG_1
4729,FBH_1
4730,FBY_1
4731,AN_3
4732,LY_1
4733,FCN_1
4734,FEJ_1
4735,FDU_1
4736,OA_2
4737,FDW_1
4738,FDX_1
4739,EI_2
4740,FDY_1
4741,FDZ_1
4742,FEA_1
4743,FEB_1
4744,FEC_1
4745,FED_1
4746,OI_2
4747,FEE_1
4748,FY_1
4749,FEF_1
4750,FEG_1
4751,OF_2
4752,FEH_1
4753,FDD_1
4754,FDT_1
4755,FBZ_1
4756,I_4
4757,FCA_1
4758,KB_2
4759,FCB_1
4760,FCC_1
4761,NA_1
4762,FCD_1
4763,FCE_1
4764,BO_1
4765,KK_1
4766,FCF_1
4767,FCG_1
4768,NQ_1
4769,OE_1
4770,FCH_1
4771,FCI_1
4772,OG_2
4773,DK_1
4774,FCJ_1
4775,FCK_1
4776,FCL_1
4777,FCM_1
4778,OA_1
4779,FEI_1
4780,DDX_1
4781,AW_3
4782,DDI_1
4783,DDJ_1
4784,DZ_2
4785,DDK_1
4786,DDL_1
4787,DDM_1
4788,DDN_1
4789,DDO_1
4790,DDP_1
4791,DDQ_1
4792,DDR_1
4793,DDS_1
4794,DDT_1
4795,ON_1
4796,DDU_1
4797,DDV_1
4798,FDS_1
4799,EED_1
4800,FDE_1
4801,FDF_1
4802,FDG_1
4803,FDH_1
4804,FDI_1
4805,FDJ_1
4806,FDK_1
4807,FDL_1
4808,FDM_1
4809,FDN_1
4810,FDO_1
4811,FDP_1
4812,FDQ_1
4813,FDR_1
4814,FEZ_1
4815,FGG_1
4816,FGH_1
4817,FGI_1
4818,FGJ_1
4819,FGK_1
4820,FGL_1
4821,FGM_1
4822,FGN_1
4823,FGO_1
4824,FGP_1
4825,FGQ_1
4826,FGR_1
4827,FGS_1
4828,FGT_1
4829,FGU_1
4830,FFP_1
4831,FEK_1
4832,FEL_1
4833,FEM_1
4834,FEN_1
4835,FEO_1
4836,FEP_1
4837,FEQ_1
4838,FER_1
4839,FES_1
4840,FET_1
4841,FEU_1
4842,FEV_1
4843,FEW_1
4844,FEX_1
4845,FEY_1
4846,FGF_1
4847,FCO_1
4848,FCP_1
4849,FCQ_1
4850,FCR_1
4851,FCS_1
4852,FCT_1
4853,FCU_1
4854,FCV_1
4855,FCW_1
4856,FCX_1
4857,FCY_1
4858,FCZ_1
4859,FDA_1
4860,FDB_1
4861,FDC_1
4862,FGV_1
4863,FFQ_1
4864,FFR_1
4865,FFS_1
4866,FFT_1
4867,FFU_1
4868,FFV_1
4869,FFW_1
4870,FFX_1
4871,FFY_1
4872,FFZ_1
4873,FGA_1
4874,FGB_1
4875,FGC_1
4876,FGD_1
4877,FGE_1
4878,FMY_1
4879,FIT_1
4880,FIU_1
4881,FIV_1
4882,FIW_1
4883,FIX_1
4884,FIY_1
4885,FIZ_1
4886,FJA_1
4887,FJB_1
4888,FJC_1
4889,FJD_1
4890,FJE_1
4891,FJF_1
4892,FIQ_1
4893,FGW_1
4894,FHN_1
4895,FGY_1
4896,FGZ_1
4897,FHA_1
4898,FHB_1
4899,FHC_1
4900,FHD_1
4901,FHE_1
4902,FHF_1
4903,FHG_1
4904,FHH_1
4905,FHI_1
4906,FHJ_1
4907,FIA_1
4908,FHL_1
4909,FHM_1
4910,FGX_1
4911,FOW_1
4912,FOX_1
4913,FOY_1
4914,FOZ_1
4915,FPA_1
4916,FPB_1
4917,FPC_1
4918,FPD_1
4919,FPE_1
4920,FPF_1
4921,FPG_1
4922,FPH_1
4923,FPI_1
4924,FMH_1
4925,FIB_1
4926,FIS_1
4927,FID_1
4928,FIE_1
4929,FIF_1
4930,FIG_1
4931,FIH_1
4932,FII_1
4933,FIJ_1
4934,FIK_1
4935,FIL_1
4936,FIM_1
4937,FIN_1
4938,FIO_1
4939,FIP_1
4940,FJG_1
4941,FIR_1
4942,FKP_1
4943,FLG_1
4944,FLH_1
4945,FLI_1
4946,FLJ_1
4947,FLK_1
4948,FLL_1
4949,FLM_1
4950,FLN_1
4951,FLO_1
4952,FLP_1
4953,FLQ_1
4954,FLR_1
4955,FLC_1
4956,FJH_1
4957,FJI_1
4958,FJZ_1
4959,FJK_1
4960,FJL_1
4961,FJM_1
4962,FJN_1
4963,FJO_1
4964,FJP_1
4965,FJQ_1
4966,FJR_1
4967,FJS_1
4968,FJT_1
4969,FJU_1
4970,FJV_1
4971,FKM_1
4972,FJX_1
4973,FJY_1
4974,FJJ_1
4975,FT_2
4976,FC_2
4977,FHO_1
4978,FHP_1
4979,FHQ_1
4980,FHR_1
4981,FHS_1
4982,FHT_1
4983,FHU_1
4984,FHV_1
4985,FHW_1
4986,FHX_1
4987,FHY_1
4988,FHZ_1
4989,PD_1
4990,FJW_1
4991,FKN_1
4992,FKO_1
4993,FLF_1
4994,FKQ_1
4995,FKR_1
4996,DM_2
4997,FKS_1
4998,FKT_1
4999,FKU_1
5000,FKV_1
5001,FKW_1
5002,FKX_1
5003,FKY_1
5004,FKZ_1
5005,FLA_1
5006,FLB_1
5007,FLS_1
5008,FLD_1
5009,DS_2
5010,FLE_1
5011,FIC_1
5012,FNP_1
5013,FNQ_1
5014,FNR_1
5015,FNS_1
5016,FNT_1
5017,FNU_1
5018,FNV_1
5019,FNW_1
5020,FNX_1
5021,FNY_1
5022,FNZ_1
5023,FOA_1
5024,FOB_1
5025,FOC_1
5026,FNN_1
5027,FMJ_1
5028,FLU_1
5029,FLV_1
5030,FLW_1
5031,FLX_1
5032,FLY_1
5033,FLZ_1
5034,FMA_1
5035,FMB_1
5036,FMC_1
5037,FMD_1
5038,FME_1
5039,FMF_1
5040,FMG_1
5041,FMX_1
5042,FMI_1
5043,FLT_1
5044,FAE_1
5045,FAF_1
5046,FAG_1
5047,FAH_1
5048,FAI_1
5049,FAJ_1
5050,FAK_1
5051,FAL_1
5052,FAM_1
5053,FAN_1
5054,FAO_1
5055,FAP_1
5056,FAQ_1
5057,FAR_1
5058,FHK_1
5059,FNO_1
5060,FMZ_1
5061,FNA_1
5062,FNB_1
5063,FNC_1
5064,FND_1
5065,FNE_1
5066,FNF_1
5067,FNG_1
5068,FNH_1
5069,FNI_1
5070,FNJ_1
5071,FNK_1
5072,FNL_1
5073,FNM_1
5074,FOD_1
5075,FPL_1
5076,FQC_1
5077,FQD_1
5078,FQE_1
5079,FQF_1
5080,FQG_1
5081,FQH_1
5082,FQI_1
5083,FQJ_1
5084,FQK_1
5085,FQL_1
5086,FQM_1
5087,FQN_1
5088,FQO_1
5089,FPZ_1
5090,FOE_1
5091,FOV_1
5092,FOG_1
5093,FOH_1
5094,FOI_1
5095,FOJ_1
5096,FOK_1
5097,FOL_1
5098,FOM_1
5099,FON_1
5100,FOO_1
5101,FOP_1
5102,FOQ_1
5103,FOR_1
5104,FOS_1
5105,FPJ_1
5106,FOU_1
5107,FOF_1
5108,FMK_1
5109,FML_1
5110,FMM_1
5111,FMN_1
5112,FMO_1
5113,FMP_1
5114,FMQ_1
5115,FMR_1
5116,FMS_1
5117,QJ_2
5118,FMT_1
5119,FMU_1
5120,FMV_1
5121,FMW_1
5122,FOT_1
5123,FPK_1
5124,FQB_1
5125,FPM_1
5126,NL_2
5127,OD_1
5128,GI_2
5129,FPN_1
5130,FPO_1
5131,FPP_1
5132,FPQ_1
5133,FPR_1
5134,FPS_1
5135,FPT_1
5136,FPU_1
5137,FPV_1
5138,FPW_1
5139,FPX_1
5140,FPY_1
5141,FQP_1
5142,FQA_1
5143,FDV_1
